{
  "epoch": [
    0,
    1,
    2,
    3,
    4,
    5,
    6,
    7,
    8,
    9,
    10,
    11,
    12,
    13,
    14,
    15,
    16,
    17,
    18,
    19,
    20,
    21,
    22,
    23,
    24,
    25,
    26,
    27,
    28,
    29
  ],
  "train_loss": [
    0.18985232396920523,
    0.16162344260017078,
    0.15542690032720566,
    0.1518180203874906,
    0.14924906144340833,
    0.14701420551935832,
    0.14567801989813645,
    0.1447091877758503,
    0.14362902298172314,
    0.14239490598638851,
    0.14158664400180182,
    0.14077178498208523,
    0.14019278200268745,
    0.1397851913323005,
    0.13922782761553923,
    0.13870421174267927,
    0.13819544277389845,
    0.13772680300374826,
    0.1368350706189871,
    0.13718841434518497,
    0.1367968191256126,
    0.13625321577191352,
    0.13590852800110975,
    0.13579107066790264,
    0.13548016693592072,
    0.13503644124865533,
    0.13485119537611803,
    0.13440749405721825,
    0.134238403181235,
    0.1342778566191594
  ],
  "val_loss": [
    0.17382154344717662,
    0.1603023562749227,
    0.15322823358376822,
    0.14338178867499032,
    0.15079828627904257,
    0.15717421565850576,
    0.14962590243021648,
    0.15040928790569305,
    0.1406360373020172,
    0.1420475929816564,
    0.15623273705641427,
    0.14119850478172302,
    0.1366955483118693,
    0.14041686828136443,
    0.1371661093155543,
    0.1364549563248952,
    0.13316285059452057,
    0.13893099137941997,
    0.1372412379105886,
    0.13957341179847718,
    0.14823882409731548,
    0.13712144220670064,
    0.1460127447684606,
    0.1405582463026047,
    0.13263765892187754,
    0.1502163283030192,
    0.13179587057431538,
    0.14032804045677186,
    0.1347395753145218,
    0.13357704121271768
  ],
  "val_acc3": [
    0.8822,
    0.8874666666666666,
    0.8972333333333333,
    0.9063666666666667,
    0.8988333333333334,
    0.8946666666666667,
    0.9005666666666666,
    0.9017666666666667,
    0.9085666666666666,
    0.9083666666666667,
    0.9024,
    0.9150666666666667,
    0.9156666666666666,
    0.9104333333333333,
    0.9141666666666667,
    0.9159333333333334,
    0.9194333333333333,
    0.912,
    0.9178666666666667,
    0.9132666666666667,
    0.9039,
    0.9145666666666666,
    0.9105,
    0.9126666666666666,
    0.9194666666666667,
    0.9080333333333334,
    0.9209,
    0.9123666666666667,
    0.9203333333333333,
    0.9199
  ],
  "val_gw_acc_bin": [
    0.9322,
    0.9501333333333334,
    0.9541666666666667,
    0.9599666666666666,
    0.955,
    0.9404666666666667,
    0.9534666666666667,
    0.9502,
    0.9606333333333333,
    0.9602666666666667,
    0.9447666666666666,
    0.9567666666666667,
    0.9621666666666666,
    0.9602666666666667,
    0.9610333333333333,
    0.9632666666666667,
    0.9636333333333333,
    0.9596666666666667,
    0.9606666666666667,
    0.9575,
    0.9543333333333334,
    0.9593666666666667,
    0.9522333333333334,
    0.9586666666666667,
    0.9633333333333334,
    0.9483,
    0.9651333333333333,
    0.9580333333333333,
    0.9631666666666666,
    0.963
  ],
  "val_gw_precision": [
    0.8784824569744224,
    0.9298068170324669,
    0.9483045558560432,
    0.9683638687686408,
    0.9435608004104669,
    0.8962255043923159,
    0.9357454140062835,
    0.923905455270769,
    0.9631147540983607,
    0.9609383181484972,
    0.9074472243940579,
    0.948905862923204,
    0.9683865510678791,
    0.9596866840731071,
    0.9622878692646134,
    0.971877321447522,
    0.9801553062985332,
    0.9560793271726716,
    0.9625354181970825,
    0.9469044690446905,
    0.9354740987579522,
    0.9534931789995866,
    0.9287001802523533,
    0.9498509916760868,
    0.9717831759838761,
    0.9158786446020488,
    0.9814914451737867,
    0.948,
    0.9723698193411264,
    0.9706536709397182
  ],
  "val_gw_recall": [
    0.9243621810905452,
    0.91975987993997,
    0.9121560780390195,
    0.9095547773886944,
    0.919959979989995,
    0.928864432216108,
    0.9237618809404702,
    0.9268634317158579,
    0.9169584792396198,
    0.9180590295147574,
    0.9289644822411206,
    0.91975987993997,
    0.9163581790895448,
    0.91935967983992,
    0.9190595297648825,
    0.9162581290645323,
    0.9092546273136568,
    0.9212606303151576,
    0.9176588294147073,
    0.9242621310655328,
    0.9268634317158579,
    0.9230615307653827,
    0.927863931965983,
    0.9247623811905953,
    0.9165582791395698,
    0.9302651325662832,
    0.9125562781390696,
    0.9247623811905953,
    0.9154577288644322,
    0.9166583291645823
  ],
  "val_gw_f1": [
    0.9008385335413417,
    0.924756060758475,
    0.9298791371309092,
    0.938038487334262,
    0.93161094224924,
    0.9122531197798959,
    0.929715033732756,
    0.9253820797123165,
    0.9394700425401057,
    0.9390094146541137,
    0.9180797943343058,
    0.9341055733373977,
    0.9416542435614044,
    0.939090444557997,
    0.9401770636098459,
    0.9432485322896282,
    0.9433746820989256,
    0.9383470905941099,
    0.9395615652530219,
    0.9354463065161257,
    0.9311488591818273,
    0.9380306034263637,
    0.9282818677743857,
    0.9371388015816688,
    0.9433631963752446,
    0.9230158336228719,
    0.9457693902944837,
    0.9362370220308938,
    0.9430559134243751,
    0.9428836060512504
  ],
  "val_gw_roc_auc": [
    0.9765693744147754,
    0.9773294695335669,
    0.9759911022744564,
    0.976935065883354,
    0.9778539532200492,
    0.978316578934306,
    0.9785449985677668,
    0.9787133481762126,
    0.9787721703891187,
    0.9783436557068836,
    0.9781838732412944,
    0.9777027729060731,
    0.9779245358745356,
    0.9794374017801203,
    0.9790228605930059,
    0.9777859562122977,
    0.9789591646610607,
    0.9787679993458362,
    0.9793156263210335,
    0.9797748261783978,
    0.979416849139391,
    0.9795006776069863,
    0.979378684593484,
    0.9800649912559379,
    0.97959457359272,
    0.9799702400562941,
    0.9798494123342599,
    0.9795441334763858,
    0.9794819829309807,
    0.9795314628071345
  ],
  "val_gw_ap": [
    0.9712827856716298,
    0.9722958737812679,
    0.9709841172830997,
    0.9723022987632127,
    0.9731252431178895,
    0.9735092642409348,
    0.9738782315991716,
    0.9740172654294574,
    0.9741257776860569,
    0.9738300874125586,
    0.9736980749252435,
    0.9731911152575485,
    0.9735111842004524,
    0.9746625997186296,
    0.9744631489341641,
    0.973466785190608,
    0.9743476126870997,
    0.974290320455492,
    0.9746404483198777,
    0.9751124453070256,
    0.9748841222302869,
    0.9750523345231633,
    0.9749110856755849,
    0.9754682051022001,
    0.9750066891205276,
    0.9753190763925352,
    0.9751767691678526,
    0.9750464067842474,
    0.9749010859611383,
    0.9748581216810538
  ],
  "epoch_time_s": [
    461.74181032180786,
    446.07603216171265,
    456.3260750770569,
    459.1590714454651,
    459.62849473953247,
    449.4946799278259,
    454.5583481788635,
    452.0914525985718,
    454.9217414855957,
    456.2007038593292,
    454.96337032318115,
    458.19194626808167,
    456.62584495544434,
    459.3149240016937,
    453.9101343154907,
    450.3081548213959,
    453.2044222354889,
    454.1929132938385,
    460.17477893829346,
    456.48569536209106,
    451.55685448646545,
    455.9501602649689,
    451.0108723640442,
    457.2814426422119,
    457.96582651138306,
    450.5572712421417,
    457.77629232406616,
    454.81906628608704,
    457.1082298755646,
    456.55895137786865
  ]
}