{
  "epoch": [
    0,
    1,
    2,
    3,
    4,
    5,
    6,
    7,
    8,
    9,
    10
  ],
  "train_loss": [
    0.13855353196760825,
    0.12876768846365907,
    0.12655331086432656,
    0.12509240324553195,
    0.12391635561968499,
    0.12267969954362284,
    0.1213721542938542,
    0.11986523052410028,
    0.1182209037443106,
    0.11606581456201132,
    0.11358990023078763
  ],
  "val_loss": [
    0.11382378345330556,
    0.10926090039014816,
    0.1081268603404363,
    0.1079757027943929,
    0.10653268264134724,
    0.10662233693202336,
    0.1093310495297114,
    0.11092572788397471,
    0.11249525212446848,
    0.12344977277914683,
    0.12478284576733907
  ],
  "val_acc3": [
    NaN,
    NaN,
    NaN,
    NaN,
    NaN,
    NaN,
    NaN,
    NaN,
    NaN,
    NaN,
    NaN
  ],
  "val_gw_acc_bin": [
    0.8233333333333334,
    0.8222666666666667,
    0.8202,
    0.8196,
    0.8387,
    0.8297333333333333,
    0.7831,
    0.8202,
    0.7935666666666666,
    0.8064333333333333,
    0.7799666666666667
  ],
  "val_gw_precision": [
    0.847417492970253,
    0.7961387018925441,
    0.777335744424352,
    0.7665464696987321,
    0.9126120358514724,
    0.8121088261591519,
    0.6511527127751777,
    0.7709339300435756,
    0.6810821108782625,
    0.720886075949367,
    0.6483910458202169
  ],
  "val_gw_recall": [
    0.5728864432216108,
    0.6271135567783892,
    0.6451225612806403,
    0.6593296648324162,
    0.5704852426213106,
    0.6361180590295148,
    0.7516758379189595,
    0.6549274637318659,
    0.7153576788394197,
    0.6837418709354678,
    0.7418709354677339
  ],
  "val_gw_f1": [
    0.6836198662846228,
    0.7015894336243563,
    0.7050847457627119,
    0.7089070567986231,
    0.7020870528843194,
    0.7134201077199281,
    0.6978126596386941,
    0.7082116196040248,
    0.6977992485238862,
    0.7018228498074455,
    0.691988241332649
  ],
  "val_gw_roc_auc": [
    0.8712748151131302,
    0.8844239790477593,
    0.8855903582883669,
    0.8883933168783843,
    0.888200116054028,
    0.8909745325049427,
    0.8895709339298493,
    0.8888116740199643,
    0.8871793682394808,
    0.8860893430969421,
    0.8853239141440253
  ],
  "val_gw_ap": [
    0.8227213877559816,
    0.8380763536317944,
    0.840412438809854,
    0.8434409298946355,
    0.8438940068881452,
    0.8467764483338968,
    0.8453555370469326,
    0.8439591088620342,
    0.841622216261246,
    0.8408344528390423,
    0.8399721187484497
  ],
  "epoch_time_s": [
    1169.4768741130829,
    1165.731877565384,
    1165.6778066158295,
    1163.3200178146362,
    1166.621109008789,
    1167.6372952461243,
    1164.013465166092,
    1165.5703837871552,
    1166.1510548591614,
    1160.0389499664307,
    1164.0314636230469
  ]
}