{
  "epoch": [
    0,
    1,
    2,
    3,
    4,
    5,
    6,
    7,
    8,
    9,
    10,
    11,
    12,
    13,
    14,
    15,
    16,
    17,
    18,
    19,
    20,
    21,
    22,
    23,
    24,
    25,
    26,
    27,
    28,
    29
  ],
  "train_loss": [
    0.38238126095492025,
    0.1947242205671837,
    0.14163932230086684,
    0.10939048743144625,
    0.06876481979051767,
    0.02946244316065221,
    0.021968693021924446,
    0.026770675399426822,
    0.005452376073936264,
    0.0034448686889840445,
    0.01121600533472549,
    0.018394467724952172,
    0.008661067162950273,
    0.0009974888272506436,
    0.00017732970461421284,
    0.00011684108175217198,
    9.183827719714753e-05,
    7.509812937677311e-05,
    6.284177989020643e-05,
    5.3454527983507894e-05,
    4.600976750604045e-05,
    3.996741263550165e-05,
    3.498019065242429e-05,
    3.080327967237318e-05,
    2.7250590752331624e-05,
    2.421840760316259e-05,
    2.1595500518511168e-05,
    1.9311543962688334e-05,
    1.731019009550195e-05,
    1.5550360217932887e-05
  ],
  "val_loss": [
    0.2602246502080025,
    0.2532536024466539,
    0.2632716783346274,
    0.324731092613477,
    0.40942011420161295,
    0.44063580432572425,
    0.3902555290812579,
    0.36129318681569433,
    0.3980062977912334,
    0.43722890643402934,
    0.4523280161934403,
    0.4239475942001893,
    0.41003754262466174,
    0.4568370977365889,
    0.4726591284755462,
    0.4826248615725676,
    0.4913340452287976,
    0.499217470558599,
    0.5067379936088587,
    0.513700669668488,
    0.5200175821425942,
    0.5260574403746898,
    0.5320101692871108,
    0.5378089449187451,
    0.5431711976089924,
    0.5485784647772118,
    0.5538052485517722,
    0.5588584551544792,
    0.5638320053275003,
    0.5687786502081181
  ],
  "val_acc3": [
    0.9146634615384616,
    0.9278846153846154,
    0.9276842948717948,
    0.9320913461538461,
    0.9188701923076923,
    0.9356971153846154,
    0.9344951923076923,
    0.9387019230769231,
    0.9364983974358975,
    0.9360977564102564,
    0.9340945512820513,
    0.9423076923076923,
    0.9429086538461539,
    0.9423076923076923,
    0.9433092948717948,
    0.9437099358974359,
    0.9439102564102564,
    0.9437099358974359,
    0.9435096153846154,
    0.9435096153846154,
    0.9433092948717948,
    0.9433092948717948,
    0.9433092948717948,
    0.9433092948717948,
    0.9433092948717948,
    0.9433092948717948,
    0.9429086538461539,
    0.9429086538461539,
    0.9429086538461539,
    0.9431089743589743
  ],
  "val_acc_signal": [
    0.9216746794871795,
    0.9324919871794872,
    0.9316907051282052,
    0.9368990384615384,
    0.9268830128205128,
    0.9389022435897436,
    0.9377003205128205,
    0.9415064102564102,
    0.9403044871794872,
    0.9389022435897436,
    0.9391025641025641,
    0.9455128205128205,
    0.9449118589743589,
    0.9447115384615384,
    0.9455128205128205,
    0.9459134615384616,
    0.9459134615384616,
    0.9457131410256411,
    0.9455128205128205,
    0.9455128205128205,
    0.9453125,
    0.9453125,
    0.9453125,
    0.9453125,
    0.9453125,
    0.9453125,
    0.9449118589743589,
    0.9449118589743589,
    0.9449118589743589,
    0.9451121794871795
  ],
  "val_acc_gw_on_sig": [
    0.9662887828162291,
    0.970763723150358,
    0.9731503579952268,
    0.970763723150358,
    0.9600238663484487,
    0.964200477326969,
    0.9710620525059666,
    0.9701670644391408,
    0.9686754176610979,
    0.9713603818615751,
    0.9618138424821002,
    0.9647971360381862,
    0.9683770883054893,
    0.9677804295942721,
    0.9680787589498807,
    0.9680787589498807,
    0.9689737470167065,
    0.9695704057279236,
    0.9695704057279236,
    0.9695704057279236,
    0.9689737470167065,
    0.9686754176610979,
    0.9683770883054893,
    0.9677804295942721,
    0.9677804295942721,
    0.9677804295942721,
    0.9683770883054893,
    0.9686754176610979,
    0.9686754176610979,
    0.9686754176610979
  ],
  "epoch_time_s": [
    16.085019826889038,
    5.573049783706665,
    5.516677141189575,
    5.5142035484313965,
    5.516796112060547,
    5.512659788131714,
    5.666393756866455,
    5.638190507888794,
    5.55254602432251,
    5.5697021484375,
    5.494055986404419,
    5.506250381469727,
    5.53139328956604,
    5.516725063323975,
    5.499720811843872,
    5.440117359161377,
    5.436484098434448,
    5.474548578262329,
    5.501523971557617,
    5.380272150039673,
    5.506298065185547,
    5.508697509765625,
    5.622623920440674,
    5.651341676712036,
    5.534257888793945,
    5.599983215332031,
    5.586507797241211,
    5.4901087284088135,
    5.556967735290527,
    5.411557197570801
  ]
}