{
  "epoch": [
    0,
    1,
    2,
    3,
    4,
    5,
    6,
    7,
    8,
    9,
    10,
    11,
    12,
    13,
    14,
    15,
    16,
    17,
    18,
    19,
    20,
    21,
    22,
    23,
    24,
    25,
    26,
    27,
    28,
    29
  ],
  "train_loss": [
    0.18921158130764962,
    0.1630814945022265,
    0.15698648446599642,
    0.15383328888118267,
    0.15147872144381205,
    0.1493436075369517,
    0.14792612313727538,
    0.14647814194262027,
    0.14565798770387967,
    0.14468433586756388,
    0.14384574309488138,
    0.14311132190724213,
    0.1427975523173809,
    0.14199887347122034,
    0.14174336100518703,
    0.1408793112039566,
    0.14045889879862467,
    0.139831597011288,
    0.13929305480917295,
    0.13906729148924352,
    0.1384153367002805,
    0.13848197932839393,
    0.1380189005722602,
    0.13753771100342274,
    0.13747759476403396,
    0.1369429237206777,
    0.1365526238332192,
    0.1366998943467935,
    0.1361005150626103,
    0.1360127861191829
  ],
  "val_loss": [
    0.18843030397097268,
    0.16541008010705313,
    0.15078434540430705,
    0.149680619653066,
    0.15319962601661682,
    0.17457112622261048,
    0.14569348485469819,
    0.14974262856642406,
    0.14766344147523244,
    0.14629055602550506,
    0.1398306035121282,
    0.1392008546193441,
    0.1421917470852534,
    0.14809628308614095,
    0.1550276823679606,
    0.1388270545164744,
    0.13761758559544882,
    0.13600288998285928,
    0.13420008725722632,
    0.1391104892730713,
    0.1369929661989212,
    0.13411211355527242,
    0.13453314468065897,
    0.13873366931279502,
    0.13325794163544974,
    0.13314034140904746,
    0.1349136730114619,
    0.14120431044101714,
    0.1320857585668564,
    0.13907792279720307
  ],
  "val_acc3": [
    0.8805,
    0.8885333333333333,
    0.9001333333333333,
    0.9022666666666667,
    0.8970333333333333,
    0.8831333333333333,
    0.9051666666666667,
    0.9,
    0.9043666666666667,
    0.903,
    0.9102666666666667,
    0.9097666666666666,
    0.9091333333333333,
    0.9055333333333333,
    0.8961333333333333,
    0.9139666666666667,
    0.9140333333333334,
    0.9132333333333333,
    0.9173333333333333,
    0.9122666666666667,
    0.9156,
    0.9162333333333333,
    0.9156,
    0.9141333333333334,
    0.9203,
    0.9190666666666667,
    0.9153333333333333,
    0.9124333333333333,
    0.9198333333333333,
    0.9167
  ],
  "val_gw_acc_bin": [
    0.9292666666666667,
    0.9376666666666666,
    0.9549333333333333,
    0.9584333333333334,
    0.9526333333333333,
    0.9415666666666667,
    0.9577,
    0.9502333333333334,
    0.9516333333333333,
    0.9557666666666667,
    0.9582,
    0.9631,
    0.9563333333333334,
    0.9511333333333334,
    0.9455666666666667,
    0.9604,
    0.961,
    0.9599,
    0.9634,
    0.9575,
    0.9604,
    0.9581333333333333,
    0.9595666666666667,
    0.9566333333333333,
    0.9638333333333333,
    0.9626333333333333,
    0.9621333333333333,
    0.9544666666666667,
    0.9613666666666667,
    0.9553
  ],
  "val_gw_precision": [
    0.8684826359636806,
    0.8909633336541237,
    0.947128815312985,
    0.9642326469963914,
    0.9360252237591538,
    0.9007195643718398,
    0.9569543359865941,
    0.9262081411670343,
    0.9296057924376508,
    0.9448778484910696,
    0.9538892927614497,
    0.9773361976369496,
    0.9447915599713202,
    0.9265779733920176,
    0.9095807210031348,
    0.9604726550245739,
    0.961220863384551,
    0.9573449854348731,
    0.9845332752423483,
    0.9482829529097265,
    0.9598955613577024,
    0.9509753328516874,
    0.9554034432690314,
    0.9448424068767909,
    0.9779017378245012,
    0.9676433389544689,
    0.9665086887835703,
    0.9357640642359357,
    0.9633941682399833,
    0.9390219155844156
  ],
  "val_gw_recall": [
    0.928264132066033,
    0.9262631315657829,
    0.9158579289644823,
    0.9089544772386193,
    0.9207603801900951,
    0.9267633816908454,
    0.9141570785392696,
    0.9242621310655328,
    0.9248624312156078,
    0.92096048024012,
    0.9189594797398699,
    0.9103551775887944,
    0.9228614307153576,
    0.9267633816908454,
    0.9289644822411206,
    0.9189594797398699,
    0.9200600300150075,
    0.9206603301650825,
    0.904352176088044,
    0.9227613806903452,
    0.919559779889945,
    0.9218609304652327,
    0.9216608304152076,
    0.9237618809404702,
    0.912056028014007,
    0.9185592796398199,
    0.9181590795397699,
    0.9269634817408704,
    0.9189594797398699,
    0.9259629814907454
  ],
  "val_gw_f1": [
    0.8973788567559725,
    0.9082703816344551,
    0.9312309257375381,
    0.9357779265592007,
    0.9283300549755384,
    0.9135558952611075,
    0.9350662641354961,
    0.925234112874956,
    0.9272280455388936,
    0.9327658712063638,
    0.9360986547085202,
    0.9426573426573426,
    0.9336977426865066,
    0.9266706682673069,
    0.9191704202346186,
    0.9392575928008998,
    0.9401901646048461,
    0.9386443617075535,
    0.9427409261576971,
    0.9353481060798134,
    0.9392948390393459,
    0.936191830928673,
    0.9382288536945562,
    0.9341832346840694,
    0.943831857948957,
    0.942462659754658,
    0.9417136993329913,
    0.9313429835142742,
    0.9406523631522351,
    0.9324467281245277
  ],
  "val_gw_roc_auc": [
    0.9762249082551775,
    0.9769892569378916,
    0.9769125952628901,
    0.9768175389869392,
    0.9775499296761602,
    0.9766484716989838,
    0.9784708450201107,
    0.9772305022793827,
    0.9780642083101034,
    0.978543118097414,
    0.9772710124119796,
    0.9773847383576817,
    0.9788321753978714,
    0.9790747960833703,
    0.9787690971204173,
    0.9788475292382508,
    0.9784914376708475,
    0.9795596798649263,
    0.9786609575720127,
    0.9790731856805684,
    0.9787284969653035,
    0.9793873017488499,
    0.9799493348273736,
    0.9790120603916053,
    0.9795879744421073,
    0.9792864465224362,
    0.979470727615745,
    0.9796997849087004,
    0.9799222630560469,
    0.9796605025832086
  ],
  "val_gw_ap": [
    0.9711152891138819,
    0.9720369155497551,
    0.9720174307576341,
    0.9718023349981086,
    0.972795738281555,
    0.9719483087862906,
    0.9735344186493784,
    0.97278228114744,
    0.973460306171125,
    0.9738180357823558,
    0.9729091063814009,
    0.9728262335678143,
    0.9742003951432683,
    0.9744278662961678,
    0.9741786026144881,
    0.9742147567531068,
    0.9741228608336762,
    0.9748963858975711,
    0.9739200190643589,
    0.9745010585672627,
    0.9742156013614813,
    0.9747007357133801,
    0.9751323980884199,
    0.9745162495805701,
    0.97488015698048,
    0.9747144075164784,
    0.9749295120378044,
    0.9751211522719674,
    0.9751526745961909,
    0.9750547574747769
  ],
  "epoch_time_s": [
    323.30491375923157,
    316.6538755893707,
    324.82760977745056,
    644.9677965641022,
    639.2106807231903,
    638.7689232826233,
    638.7867846488953,
    639.1002588272095,
    638.7532601356506,
    638.7719559669495,
    639.2902691364288,
    639.9778347015381,
    639.612949848175,
    640.557076215744,
    639.0014972686768,
    639.5088160037994,
    641.6529412269592,
    642.1365475654602,
    643.0921409130096,
    642.1288480758667,
    642.1983730792999,
    641.8939945697784,
    642.1107587814331,
    642.0080318450928,
    641.8402383327484,
    641.6498594284058,
    642.194812297821,
    642.0541777610779,
    642.3444695472717,
    641.699170589447
  ]
}