{
  "epoch": [
    0,
    1,
    2,
    3,
    4,
    5,
    6,
    7,
    8,
    9,
    10,
    11
  ],
  "train_loss": [
    0.12322012095153331,
    0.111213324513038,
    0.10886260073781014,
    0.10702591020266215,
    0.10569228007694086,
    0.10456442757447561,
    0.10324547490278879,
    0.10184501021206378,
    0.10040014084378879,
    0.09861507127185662,
    0.09689766855339209,
    0.09468582467834155
  ],
  "val_loss": [
    0.11458885004520417,
    0.11198408073584239,
    0.11112448324362437,
    0.11086169675191243,
    0.10973384662469228,
    0.10977933618227641,
    0.12133295092582702,
    0.11666943188508351,
    0.11551310606002807,
    0.126097887245814,
    0.12817659424146016,
    0.12357374347050985
  ],
  "val_acc3": [
    NaN,
    NaN,
    NaN,
    NaN,
    NaN,
    NaN,
    NaN,
    NaN,
    NaN,
    NaN,
    NaN,
    NaN
  ],
  "val_gw_acc_bin": [
    0.8158333333333333,
    0.8189666666666666,
    0.8217333333333333,
    0.8254666666666667,
    0.8243333333333334,
    0.8278666666666666,
    0.8141333333333334,
    0.8244,
    0.8254,
    0.8110666666666667,
    0.8167333333333333,
    0.8199666666666666
  ],
  "val_gw_precision": [
    0.8609496124031008,
    0.8588050314465409,
    0.8596192539854511,
    0.9200353045013239,
    0.8609625668449198,
    0.9005140109434588,
    0.7746426351771286,
    0.8584862733201881,
    0.865641813989239,
    0.7744513510084993,
    0.8022583680602231,
    0.8410035629453682
  ],
  "val_gw_recall": [
    0.5333666833416708,
    0.5464732366183092,
    0.5556778389194598,
    0.5214607303651826,
    0.5637818909454727,
    0.5433716858429215,
    0.623511755877939,
    0.5662831415707854,
    0.5633816908454227,
    0.6108054027013506,
    0.5970985492746373,
    0.5667833916958479
  ],
  "val_gw_f1": [
    0.658676715883116,
    0.667930296545399,
    0.6750121536217794,
    0.6656449553001277,
    0.681378476420798,
    0.6777736178709597,
    0.6909090909090909,
    0.6824210272486134,
    0.6825454545454546,
    0.6829623000335607,
    0.684639210737639,
    0.6771860618014464
  ],
  "val_gw_roc_auc": [
    0.8673149171436507,
    0.8722282360875514,
    0.8761507522068956,
    0.8775200321980534,
    0.8798573118101165,
    0.8794057563648109,
    0.881506959428227,
    0.8799917329321997,
    0.8801671893182283,
    0.8796369266862873,
    0.8797713278033668,
    0.8783338232475398
  ],
  "val_gw_ap": [
    0.8118083293241847,
    0.8186594685005106,
    0.8238514789400688,
    0.8258026650750396,
    0.8286584064782756,
    0.8291844252343528,
    0.8304271000922688,
    0.8291319979765606,
    0.8292388289951645,
    0.8276875632495219,
    0.8284418253503409,
    0.8261861243027108
  ],
  "epoch_time_s": [
    668.2892429828644,
    647.6186113357544,
    647.7741692066193,
    646.8799164295197,
    646.5013892650604,
    646.490133523941,
    646.4525408744812,
    646.4077184200287,
    645.473043680191,
    644.8117160797119,
    646.6254363059998,
    646.9984121322632
  ]
}