{
  "epoch": [
    0,
    1,
    2,
    3,
    4,
    5,
    6,
    7,
    8,
    9,
    10,
    11,
    12,
    13,
    14
  ],
  "train_loss": [
    0.14533198811394354,
    0.13012303539877196,
    0.12599060692156788,
    0.12380060805035867,
    0.12244913449892438,
    0.12154422861843718,
    0.1203427371661549,
    0.11977231958796865,
    0.11932227908667312,
    0.11876443995258221,
    0.11817569851437695,
    0.11779387664969966,
    0.11730094198894922,
    0.11690889916478106,
    0.1166494065455262
  ],
  "val_loss": [
    0.11895248215198517,
    0.11490447674194972,
    0.11301269962390263,
    0.11116864686806997,
    0.11434565083185831,
    0.10964895469347635,
    0.1101183040857315,
    0.10817428228060405,
    0.10899922366539637,
    0.10772710689306259,
    0.10750166254440943,
    0.10931781213283538,
    0.10816676512559255,
    0.10924389834403991,
    0.10826433357397715
  ],
  "val_acc3": [
    NaN,
    NaN,
    NaN,
    NaN,
    NaN,
    NaN,
    NaN,
    NaN,
    NaN,
    NaN,
    NaN,
    NaN,
    NaN,
    NaN,
    NaN
  ],
  "val_gw_acc_bin": [
    0.8088666666666666,
    0.8272,
    0.8270333333333333,
    0.8276333333333333,
    0.8319666666666666,
    0.8338666666666666,
    0.8292666666666667,
    0.8349666666666666,
    0.8361333333333333,
    0.8374333333333334,
    0.8328333333333333,
    0.8363666666666667,
    0.8352666666666667,
    0.817,
    0.8285666666666667
  ],
  "val_gw_precision": [
    0.8022414526883246,
    0.938559708295351,
    0.8884578079534433,
    0.8544973544973545,
    0.9153252850435949,
    0.90391745929389,
    0.8554339897884755,
    0.9130363576809696,
    0.9443569553805774,
    0.9026117054751416,
    0.8600347021399652,
    0.9217247097844112,
    0.8965625490503846,
    0.7649688271968004,
    0.8220069020440669
  ],
  "val_gw_recall": [
    0.5657828914457229,
    0.5150575287643822,
    0.5498749374687344,
    0.5816908454227113,
    0.5461730865432717,
    0.5609804902451225,
    0.5866933466733366,
    0.5577788894447223,
    0.5399699849924963,
    0.5739869934967484,
    0.5950975487743871,
    0.5560780390195098,
    0.5714857428714357,
    0.6506253126563282,
    0.6196098049024512
  ],
  "val_gw_f1": [
    0.6635766252053509,
    0.6651162790697673,
    0.6793152462764972,
    0.6921840585749152,
    0.6841280782003886,
    0.6923076923076924,
    0.6960237388724034,
    0.6925035712067573,
    0.6870782940802037,
    0.7017307809919883,
    0.7034474602329844,
    0.6936661466458658,
    0.69803250641574,
    0.7031790657439446,
    0.7066004906155514
  ],
  "val_gw_roc_auc": [
    0.8617125458505308,
    0.8707747925449854,
    0.8726076484880781,
    0.8819743763408823,
    0.8798442510432923,
    0.8812035535388288,
    0.8826764519475432,
    0.8857258696831545,
    0.8873059874101008,
    0.888687602986697,
    0.886631828786175,
    0.8849300056176552,
    0.8866665599733135,
    0.8826818282923017,
    0.8871681804411329
  ],
  "val_gw_ap": [
    0.8076806977788953,
    0.8203306275595365,
    0.8227697466941413,
    0.8338058525730394,
    0.8281939644593528,
    0.8323171202057633,
    0.8355473083280757,
    0.8393131954925384,
    0.8414159526677563,
    0.8435557995394569,
    0.8408526230228895,
    0.8401629389782224,
    0.840187057000507,
    0.837756751422035,
    0.8418827208902958
  ],
  "epoch_time_s": [
    658.7849764823914,
    662.1760973930359,
    666.1921753883362,
    666.1911318302155,
    667.0704081058502,
    662.3332982063293,
    662.0914990901947,
    659.9712891578674,
    656.7740988731384,
    657.6189970970154,
    660.693012714386,
    658.8279223442078,
    668.550731420517,
    663.3381993770599,
    659.0378820896149
  ]
}