{
  "epoch": [
    0,
    1,
    2,
    3,
    4,
    5,
    6,
    7,
    8,
    9,
    10,
    11,
    12,
    13,
    14,
    15,
    16,
    17,
    18,
    19,
    20,
    21,
    22,
    23,
    24,
    25,
    26,
    27,
    28,
    29
  ],
  "train_loss": [
    0.22727844786345958,
    0.11604148733019828,
    0.0837582535520196,
    0.06039189689643681,
    0.0434142145127058,
    0.02216836176298093,
    0.017629670943738893,
    0.012454677704523784,
    0.011184077840135432,
    0.011334456126275472,
    0.009983767687913496,
    0.011002622986544157,
    0.007707009807426948,
    0.0047410766858018176,
    0.00851777296702785,
    0.0074500614445350945,
    0.005380173115969956,
    0.005158772006371873,
    0.009221214208993479,
    0.003537096948127146,
    0.0024891653650127407,
    0.008792854391971196,
    0.004345216247182543,
    0.005777387915042345,
    0.005883185006752319,
    0.005539063112628355,
    0.004585124957354855,
    0.003692511127963371,
    0.005953142820176435,
    0.004056985097798315
  ],
  "val_loss": [
    0.17159635573625565,
    0.1471328157453965,
    0.15627296574604818,
    0.178884246888069,
    0.21805138315241307,
    0.2591520398377608,
    0.27897257471266085,
    0.28906021984585095,
    0.3580895139573094,
    0.2863549736346333,
    0.3138192810942061,
    0.29260098316426125,
    0.31406349221316093,
    0.2990775664453768,
    0.31880433390660284,
    0.29705930381225276,
    0.30172587214828805,
    0.3174984327027535,
    0.2827852387156618,
    0.30152225427077495,
    0.33849192496327074,
    0.3271619662879787,
    0.2991123400903374,
    0.2997803117875428,
    0.33215247722154556,
    0.3246601052958515,
    0.3594490348146465,
    0.32555505078142655,
    0.3673588068776996,
    0.31143198254274185
  ],
  "val_acc3": [
    0.9507211538461539,
    0.9603365384615384,
    0.9603365384615384,
    0.9559294871794872,
    0.9541266025641025,
    0.9495192307692307,
    0.9477163461538461,
    0.9585336538461539,
    0.9381009615384616,
    0.9581330128205128,
    0.9473157051282052,
    0.9485176282051282,
    0.9467147435897436,
    0.9585336538461539,
    0.9527243589743589,
    0.9533253205128205,
    0.9549278846153846,
    0.9591346153846154,
    0.9645432692307693,
    0.9635416666666666,
    0.9579326923076923,
    0.9557291666666666,
    0.9623397435897436,
    0.9599358974358975,
    0.9541266025641025,
    0.9597355769230769,
    0.9583333333333334,
    0.9459134615384616,
    0.9605368589743589,
    0.9633413461538461
  ],
  "val_acc_signal": [
    0.9553285256410257,
    0.9623397435897436,
    0.9625400641025641,
    0.9573317307692307,
    0.9561298076923077,
    0.9519230769230769,
    0.9497195512820513,
    0.9595352564102564,
    0.9401041666666666,
    0.9593349358974359,
    0.9487179487179487,
    0.9497195512820513,
    0.9491185897435898,
    0.9595352564102564,
    0.9547275641025641,
    0.9549278846153846,
    0.9559294871794872,
    0.9603365384615384,
    0.9651442307692307,
    0.9643429487179487,
    0.9589342948717948,
    0.9575320512820513,
    0.9633413461538461,
    0.9609375,
    0.9565304487179487,
    0.9613381410256411,
    0.9593349358974359,
    0.9483173076923077,
    0.9615384615384616,
    0.9637419871794872
  ],
  "val_acc_gw_on_sig": [
    0.9844606946983546,
    0.9887263863497867,
    0.9884216940889702,
    0.9881170018281535,
    0.9844606946983546,
    0.9872029250457038,
    0.9875076173065204,
    0.9902498476538696,
    0.9875076173065204,
    0.9884216940889702,
    0.987812309567337,
    0.9899451553930531,
    0.9899451553930531,
    0.9890310786106032,
    0.987812309567337,
    0.9872029250457038,
    0.9872029250457038,
    0.9908592321755028,
    0.9893357708714199,
    0.9893357708714199,
    0.9896404631322364,
    0.987812309567337,
    0.9905545399146861,
    0.9853747714808044,
    0.9868982327848873,
    0.9899451553930531,
    0.9887263863497867,
    0.9884216940889702,
    0.9875076173065204,
    0.9881170018281535
  ],
  "epoch_time_s": [
    21.88371515274048,
    14.749051570892334,
    14.709485292434692,
    14.67911171913147,
    14.734902143478394,
    14.76274299621582,
    14.762998342514038,
    14.754708051681519,
    14.765749216079712,
    14.757648706436157,
    14.736536502838135,
    14.744441032409668,
    14.75170111656189,
    14.762441873550415,
    14.712018728256226,
    14.746771574020386,
    14.75937533378601,
    14.762097120285034,
    14.77543306350708,
    14.762059211730957,
    14.776902914047241,
    14.806936502456665,
    14.799701452255249,
    14.822280883789062,
    14.812197923660278,
    14.772308826446533,
    14.779650449752808,
    14.783141613006592,
    14.778579235076904,
    14.781760931015015
  ]
}