{
  "epoch": [
    0,
    1,
    2,
    3,
    4,
    5,
    6,
    7,
    8,
    9
  ],
  "train_loss": [
    0.37960733893898224,
    0.2862698866294757,
    0.2748789791198027,
    0.26742182233400885,
    0.2621473848459221,
    0.25742096604118425,
    0.2537255943602612,
    0.24936196953058243,
    0.2446149118064392,
    0.24106477654629177
  ],
  "val_loss": [
    0.3014614304383596,
    0.281739066696167,
    0.293448162428538,
    0.28075227228800453,
    0.27991521789232887,
    0.27710910720825194,
    0.2831727361361186,
    0.307195328950882,
    0.2783782399177551,
    0.3120408729235331
  ],
  "val_acc3": [
    0.7426666666666667,
    0.7661666666666667,
    0.7617333333333334,
    0.7729,
    0.7750666666666667,
    0.7726666666666666,
    0.7739666666666667,
    0.7724666666666666,
    0.7736,
    0.7721666666666667
  ],
  "val_gw_acc_bin": [
    0.7998666666666666,
    0.8046,
    0.7918,
    0.8103333333333333,
    0.8108666666666666,
    0.8120666666666667,
    0.8088333333333333,
    0.8032333333333334,
    0.8122,
    0.8048666666666666
  ],
  "val_gw_precision": [
    0.9101747173689619,
    0.8531874893180653,
    0.7572389186222039,
    0.8754578754578755,
    0.8562242374278648,
    0.892310462812894,
    0.8207831325301205,
    0.7792030567685589,
    0.9252974448995513,
    0.797870809955402
  ],
  "val_gw_recall": [
    0.4430215107553777,
    0.4994497248624312,
    0.5520760380190095,
    0.5021510755377688,
    0.519559779889945,
    0.4957478739369685,
    0.545272636318159,
    0.5712856428214107,
    0.4746373186593297,
    0.5548774387193597
  ],
  "val_gw_f1": [
    0.5959623149394346,
    0.630064369556986,
    0.6385834972804073,
    0.6382248219735502,
    0.6466998754669987,
    0.6373810136351942,
    0.6552449654343252,
    0.6592391618080009,
    0.6274302340960191,
    0.654549746252803
  ],
  "val_gw_roc_auc": [
    0.843474551572212,
    0.8567787692896687,
    0.852072297083308,
    0.8577137181437506,
    0.8634183650185503,
    0.8550650906558004,
    0.8625973571639607,
    0.8653998331332624,
    0.8495543722873683,
    0.8586742183888745
  ],
  "val_gw_ap": [
    0.7782702773218865,
    0.7954045388138181,
    0.7897971656217793,
    0.7992867928014782,
    0.8050685112526365,
    0.7976349871847708,
    0.8052769966925489,
    0.8065223994129707,
    0.7900351543281735,
    0.8007612085930036
  ],
  "epoch_time_s": [
    149.2117519378662,
    131.34746265411377,
    131.47279477119446,
    131.2708990573883,
    131.22408819198608,
    131.09090042114258,
    131.01730918884277,
    130.98521661758423,
    131.01698088645935,
    130.6958944797516
  ]
}