{
  "epoch": [
    0,
    1,
    2,
    3,
    4,
    5,
    6,
    7,
    8,
    9,
    10,
    11,
    12,
    13,
    14,
    15,
    16,
    17,
    18,
    19
  ],
  "train_loss": [
    0.34637657524347304,
    0.26185786668856936,
    0.25506347182194394,
    0.2501670405069987,
    0.24647705240249634,
    0.24306809482971828,
    0.23989504537582398,
    0.23602640805244446,
    0.2321322114109993,
    0.22746380206743877,
    0.22231105205019316,
    0.2164284361799558,
    0.20967287004590035,
    0.20209405585328738,
    0.19320603203773498,
    0.1832517318646113,
    0.1725236063202222,
    0.16176637084782122,
    0.1497111519108216,
    0.1389751954148213
  ],
  "val_loss": [
    0.27178943654696147,
    0.2607473877588908,
    0.2596509029706319,
    0.2624654117743174,
    0.25733452437718707,
    0.25922529296875,
    0.2601313236872355,
    0.2644485982735952,
    0.2778870907147725,
    0.2883882625579834,
    0.29300944356918335,
    0.29059076700210573,
    0.3187094220161438,
    0.3175420583883921,
    0.37255538857777915,
    0.3658140262444814,
    0.41184217052459715,
    0.412449251015981,
    0.4245620578765869,
    0.4934357509295146
  ],
  "val_acc3": [
    0.7811333333333333,
    0.7874666666666666,
    0.7894666666666666,
    0.7962666666666667,
    0.796,
    0.7966666666666666,
    0.7984333333333333,
    0.7995333333333333,
    0.7937,
    0.7904,
    0.7923,
    0.7951666666666667,
    0.7851333333333333,
    0.7873666666666667,
    0.7795666666666666,
    0.7765333333333333,
    0.7630333333333333,
    0.7696333333333333,
    0.7665666666666666,
    0.7693666666666666
  ],
  "val_gw_acc_bin": [
    0.8126,
    0.8231333333333334,
    0.8249333333333333,
    0.8187,
    0.8111666666666667,
    0.8103666666666667,
    0.8264333333333334,
    0.8220666666666666,
    0.8243666666666667,
    0.8078,
    0.8120333333333334,
    0.8167333333333333,
    0.8011333333333334,
    0.8051333333333334,
    0.7974666666666667,
    0.7942,
    0.7785666666666666,
    0.7877,
    0.783,
    0.7866666666666666
  ],
  "val_gw_precision": [
    0.8386247483351401,
    0.910523551041849,
    0.9253811659192825,
    0.8090909090909091,
    0.7609062424680646,
    0.755276262746028,
    0.8561440047604879,
    0.824168174857302,
    0.8415727088753975,
    0.7408588677525915,
    0.7661940845758983,
    0.7971455001982292,
    0.7223755381388675,
    0.7412489824398186,
    0.714457699463719,
    0.7035261531905828,
    0.6602907421576129,
    0.6888148302436993,
    0.6777879808182838,
    0.6829516539440204
  ],
  "val_gw_recall": [
    0.5417708854427213,
    0.5202601300650325,
    0.5161580790395197,
    0.5965982991495747,
    0.6317158579289645,
    0.6373186593296648,
    0.5757878939469735,
    0.592296148074037,
    0.5824912456228114,
    0.6507253626813406,
    0.6272136068034017,
    0.6035017508754377,
    0.6547273636818409,
    0.6377188594297148,
    0.6531265632816409,
    0.6607303651825913,
    0.6907453726863432,
    0.6617308654327163,
    0.664632316158079,
    0.671335667833917
  ],
  "val_gw_f1": [
    0.6582786287381474,
    0.6621673245893288,
    0.6626846499678869,
    0.686783760437662,
    0.6903187011425135,
    0.6913017526724184,
    0.6885206675838966,
    0.6892536965886599,
    0.6884644947673387,
    0.6928731224033238,
    0.6897727897892942,
    0.6869377064115704,
    0.6868898918862182,
    0.685597504571367,
    0.6824168931632867,
    0.6814570219791559,
    0.6751748080778446,
    0.6750012757054652,
    0.6711456859971712,
    0.6770938446014126
  ],
  "val_gw_roc_auc": [
    0.8667989105775082,
    0.8754577713750651,
    0.8779029579773641,
    0.8806410078320841,
    0.8814210154314849,
    0.8827767620376046,
    0.8836089276830369,
    0.8839831437838389,
    0.8836590027080524,
    0.8831638588601973,
    0.8822797777294046,
    0.8808585697497586,
    0.8797710027220559,
    0.8768581316401765,
    0.8752329251353995,
    0.8755005470743369,
    0.8723071808336058,
    0.8715518769132129,
    0.8690475280129442,
    0.8704022618657491
  ],
  "val_gw_ap": [
    0.8107780755069663,
    0.8225612373584376,
    0.8256669883142385,
    0.8295794648898291,
    0.8309613658798766,
    0.8323774891313186,
    0.8333559137368455,
    0.8335757109223654,
    0.8333134690494771,
    0.8325764583858964,
    0.8311507423054336,
    0.8291276547220895,
    0.8273399405640174,
    0.8255460341851002,
    0.8234013237449477,
    0.82323452379893,
    0.8198192421467944,
    0.8186229660902452,
    0.8156946344131728,
    0.8179809893271708
  ],
  "epoch_time_s": [
    998.0219781398773,
    977.7063040733337,
    977.4591598510742,
    977.1038327217102,
    977.8733568191528,
    977.5450959205627,
    978.0015728473663,
    978.2780435085297,
    977.6313683986664,
    977.2470264434814,
    977.5775008201599,
    976.9222738742828,
    976.0367712974548,
    975.7044153213501,
    976.537451505661,
    975.655268907547,
    975.6146953105927,
    976.3263461589813,
    975.8338134288788,
    975.3475866317749
  ]
}