{
  "epoch": [
    0,
    1,
    2,
    3,
    4,
    5,
    6,
    7,
    8,
    9
  ],
  "train_loss": [
    0.17159270781055092,
    0.13536929944828152,
    0.12301376198778549,
    0.1108288662003974,
    0.09785605744992694,
    0.08346485743112862,
    0.06135052394022544,
    0.02940793281859563,
    0.019755777969850653,
    0.016919223946745235
  ],
  "val_loss": [
    0.14839296268026034,
    0.14503887354135514,
    0.14676565010150275,
    0.16694202421506246,
    0.1792584162314733,
    0.2068500458439191,
    0.24377533060908319,
    0.3315830684141256,
    0.3354239836426762,
    0.3313819911362603
  ],
  "val_acc3": [
    0.9611333333333333,
    0.9621666666666666,
    0.9626,
    0.9606,
    0.9643666666666667,
    0.9615333333333334,
    0.9498666666666666,
    0.9602666666666667,
    0.961,
    0.9572
  ],
  "val_acc_signal": [
    0.9623333333333334,
    0.9629666666666666,
    0.9635666666666667,
    0.9615333333333334,
    0.9651,
    0.9626666666666667,
    0.9509666666666666,
    0.9609,
    0.9619,
    0.9584
  ],
  "val_acc_gw_on_sig": [
    0.9854883907125701,
    0.9872898318654924,
    0.9868394715772618,
    0.985638510808647,
    0.9860388310648519,
    0.9846877502001601,
    0.98628903122498,
    0.9864891913530824,
    0.985088070456365,
    0.9854883907125701
  ],
  "epoch_time_s": [
    106.13152050971985,
    98.1123321056366,
    98.29251265525818,
    97.94933080673218,
    97.8537847995758,
    95.69148135185242,
    98.24868416786194,
    95.3890631198883,
    97.68964505195618,
    95.49185800552368
  ]
}