{
  "epoch": [
    0,
    1,
    2,
    3,
    4,
    5,
    6,
    7,
    8,
    9,
    10,
    11,
    12,
    13,
    14,
    15,
    16,
    17,
    18,
    19,
    20,
    21,
    22,
    23,
    24,
    25,
    26,
    27,
    28,
    29
  ],
  "train_loss": [
    0.12238971048869392,
    0.09087176720231646,
    0.08687865153362591,
    0.08437151796750066,
    0.08193253740396607,
    0.07906463564873828,
    0.07661294650814142,
    0.07498836731812479,
    0.07277731974654914,
    0.06961575381426456,
    0.06702764301206839,
    0.06292969548257087,
    0.05934250516474748,
    0.05265799703450056,
    0.04677747210897871,
    0.0434586743747118,
    0.03842317647082525,
    0.036108779252035254,
    0.033874496059991197,
    0.03459916601864017,
    0.03143839590084252,
    0.030949307736244477,
    0.030024255582798916,
    0.030129908002798054,
    0.030073648005159673,
    0.030189201408189946,
    0.029224713255885104,
    0.029162924598280713,
    0.02811182310431151,
    0.028296001401806947
  ],
  "val_loss": [
    0.09940139845212301,
    0.10174662892818451,
    0.09664375842014948,
    0.10081997982263564,
    0.10443097784519195,
    0.10964009634653728,
    0.11671627581119537,
    0.10346088730891545,
    0.10605435122648875,
    0.10893352929353714,
    0.12894579536120096,
    0.13234572873512904,
    0.14386493198474248,
    0.15755331094264985,
    0.16559683578014373,
    0.17563212771614392,
    0.20408873160680135,
    0.19184535363117855,
    0.18126218268871308,
    0.1949487509449323,
    0.1839782989025116,
    0.19897243702014286,
    0.19014014727473258,
    0.20437433570623398,
    0.18931590798695883,
    0.20412821307579676,
    0.18339846580823263,
    0.18439881792465845,
    0.23626509917974473,
    0.20805585355758666
  ],
  "val_acc3": [
    0.9589666666666666,
    0.9573,
    0.9616666666666667,
    0.9596333333333333,
    0.9583333333333334,
    0.9558333333333333,
    0.9549666666666666,
    0.9595,
    0.9621,
    0.9600666666666666,
    0.9523666666666667,
    0.9578333333333333,
    0.9607,
    0.9618,
    0.9589666666666666,
    0.9616333333333333,
    0.9617,
    0.9571,
    0.9595666666666667,
    0.9611,
    0.9547,
    0.961,
    0.9626,
    0.962,
    0.953,
    0.9588666666666666,
    0.9604666666666667,
    0.9607666666666667,
    0.9599,
    0.9600666666666666
  ],
  "val_gw_acc_bin": [
    0.9724333333333334,
    0.9701,
    0.9748666666666667,
    0.9712,
    0.9691,
    0.9663333333333334,
    0.9647,
    0.9722333333333333,
    0.9745666666666667,
    0.9709,
    0.9641,
    0.9685,
    0.9722333333333333,
    0.9724666666666667,
    0.9688666666666667,
    0.9725,
    0.9722666666666666,
    0.9672666666666667,
    0.9701666666666666,
    0.972,
    0.9651666666666666,
    0.9724333333333334,
    0.9744666666666667,
    0.9735333333333334,
    0.9617333333333333,
    0.9702,
    0.9724666666666667,
    0.9723666666666667,
    0.9711333333333333,
    0.9716
  ],
  "val_gw_precision": [
    0.981411468178954,
    0.9714966832504146,
    0.9936959076824448,
    0.975226397418549,
    0.967230008244023,
    0.9590272810871564,
    0.9534199309924903,
    0.9779841402337228,
    0.988155668358714,
    0.9743136439267887,
    0.9526903553299493,
    0.9652477894303928,
    0.9793846797823357,
    0.9822236246975913,
    0.9692387364060072,
    0.9803058872826315,
    0.9798889703571803,
    0.9623473889401867,
    0.9721876297218763,
    0.9787679113063487,
    0.9557954776940314,
    0.9813103737925242,
    0.9882552110887737,
    0.9841102809639062,
    0.9441711015162165,
    0.9731725070188209,
    0.979500052295785,
    0.9798952879581152,
    0.9761134870136643,
    0.976943140323422
  ],
  "val_gw_recall": [
    0.9349674837418709,
    0.9377688844422211,
    0.9304652326163082,
    0.9373686843421711,
    0.9390695347673836,
    0.9390695347673836,
    0.9399699849924963,
    0.9377688844422211,
    0.9348674337168584,
    0.9373686843421711,
    0.9388694347173587,
    0.9392696348174087,
    0.936368184092046,
    0.9342671335667834,
    0.9362681340670335,
    0.9362681340670335,
    0.935967983991996,
    0.9384692346173087,
    0.9372686343171586,
    0.9362681340670335,
    0.9388694347173587,
    0.9350675337668835,
    0.9344672336168084,
    0.9356678339169585,
    0.9407703851925963,
    0.936368184092046,
    0.9369684842421211,
    0.9362681340670335,
    0.9362681340670335,
    0.9368684342171085
  ],
  "val_gw_f1": [
    0.9576266844289594,
    0.9543348775645268,
    0.9610416451379561,
    0.9559228650137742,
    0.952941773694096,
    0.948943483975331,
    0.9466471862562347,
    0.9574544154451198,
    0.9607732250269909,
    0.9554841670491051,
    0.9457294028722601,
    0.952081537447391,
    0.9573934837092731,
    0.9576453697056713,
    0.952468193384224,
    0.957781075687017,
    0.9574250332616927,
    0.9502583324891096,
    0.9544088431562325,
    0.9570464307629372,
    0.9472568515621057,
    0.9576310261796198,
    0.9606088655764682,
    0.9592778746538106,
    0.9424676756540042,
    0.9544156638792576,
    0.9577623235835548,
    0.9575850601176771,
    0.9557757123889286,
    0.9564862104187947
  ],
  "val_gw_roc_auc": [
    0.9840206781721277,
    0.9846748442954292,
    0.9838953443229987,
    0.9841037114408241,
    0.9843964896719791,
    0.9840480225116306,
    0.9843058219937262,
    0.9841752893442473,
    0.9834933237676073,
    0.9839287376755111,
    0.9843839390327507,
    0.9849275975153287,
    0.9835916958729303,
    0.9838752617998576,
    0.9839504256002032,
    0.9841148917372958,
    0.9836576473690481,
    0.9840432238113557,
    0.984014871719789,
    0.9836783825554367,
    0.983970138030775,
    0.9837135313470281,
    0.9838768071863976,
    0.9842277224590801,
    0.9843365721851178,
    0.9839374223477647,
    0.9841856744418197,
    0.9842379800247536,
    0.9834392927530998,
    0.9844276799734533
  ],
  "val_gw_ap": [
    0.9802514944631899,
    0.9808629815204867,
    0.9800551957117232,
    0.9803659497516137,
    0.9805904758386614,
    0.9802618279967316,
    0.980445155494946,
    0.9804033582393676,
    0.9796003979947892,
    0.9800584073172174,
    0.9803922737607704,
    0.9810417693800051,
    0.9796634982343954,
    0.979884881639882,
    0.9800093137539718,
    0.9803863097892528,
    0.9798511818430126,
    0.9803346563008821,
    0.9802288787094573,
    0.9798713172368834,
    0.9801539430831894,
    0.9799111678458851,
    0.9801392898693093,
    0.9804485645569289,
    0.9805714543172238,
    0.9801139942911195,
    0.9804663077150277,
    0.9804460407637723,
    0.9797628618281896,
    0.9807263658337124
  ],
  "epoch_time_s": [
    187.38785672187805,
    163.7807903289795,
    162.70617604255676,
    162.79926562309265,
    162.76453757286072,
    162.70152139663696,
    162.80978846549988,
    162.6511368751526,
    162.9205768108368,
    162.6046919822693,
    162.7440106868744,
    163.04941248893738,
    162.74290895462036,
    162.59208059310913,
    162.250328540802,
    162.19100046157837,
    162.4235396385193,
    162.7170603275299,
    162.81485843658447,
    162.73144268989563,
    162.92355036735535,
    162.86900210380554,
    162.7405502796173,
    163.13562059402466,
    162.77132487297058,
    162.79300093650818,
    162.83266925811768,
    162.65622282028198,
    162.63754272460938,
    162.7791121006012
  ]
}