{
  "epoch": [
    0,
    1,
    2,
    3,
    4,
    5,
    6,
    7,
    8,
    9,
    10,
    11,
    12,
    13,
    14,
    15,
    16,
    17,
    18,
    19,
    20,
    21,
    22,
    23,
    24,
    25,
    26,
    27,
    28,
    29
  ],
  "train_loss": [
    0.09989469358282248,
    0.08692122718515023,
    0.08452395259750449,
    0.08208357192324593,
    0.08018680792930238,
    0.07835954557577045,
    0.07613178205211618,
    0.07385656432750244,
    0.07111133683217201,
    0.0680199987513236,
    0.06460076496481734,
    0.060392226779724376,
    0.054749544202911615,
    0.049145365105714385,
    0.04401040176877961,
    0.03996753457683771,
    0.037564901923222704,
    0.035963561252978664,
    0.03446230819190991,
    0.03288585609225928,
    0.03289265182272276,
    0.031929831990857326,
    0.03120623853818859,
    0.030865302862626214,
    0.030535319247313737,
    0.030234531778589428,
    0.029331636630625584,
    0.029195867509181392,
    0.02895763234826496,
    0.02891189026198169
  ],
  "val_loss": [
    0.09492077751954396,
    0.090635156194369,
    0.09055219767888387,
    0.09370437955061595,
    0.09365293807586034,
    0.09983886737028758,
    0.09654163012504578,
    0.09620953668753306,
    0.10453630355993906,
    0.10721192597945531,
    0.11018012291987737,
    0.1152064294775327,
    0.1353143863797188,
    0.13953226693073909,
    0.1396031725247701,
    0.15569714964032172,
    0.1663635677655538,
    0.16674963058630626,
    0.17108618516921997,
    0.16846974635521572,
    0.20189777730305988,
    0.16416367028156917,
    0.17859594593842823,
    0.18452405579090117,
    0.19250931167999905,
    0.19840689990917842,
    0.21438675272862118,
    0.18718012549082438,
    0.17000923217336336,
    0.19946725041071575
  ],
  "val_acc3": [
    0.9618333333333333,
    0.9652333333333334,
    0.9651333333333333,
    0.9634333333333334,
    0.9628666666666666,
    0.9609333333333333,
    0.9629,
    0.9647,
    0.9600333333333333,
    0.9616666666666667,
    0.9629,
    0.9630666666666666,
    0.9588333333333333,
    0.9560333333333333,
    0.9612333333333334,
    0.9592,
    0.9610333333333333,
    0.9621666666666666,
    0.9602666666666667,
    0.9599,
    0.9604333333333334,
    0.9607666666666667,
    0.9600333333333333,
    0.9634333333333334,
    0.9649666666666666,
    0.9608,
    0.9631,
    0.964,
    0.9653,
    0.9636333333333333
  ],
  "val_gw_acc_bin": [
    0.9733333333333334,
    0.9749333333333333,
    0.9741333333333333,
    0.9718333333333333,
    0.9711333333333333,
    0.9689333333333333,
    0.9717,
    0.9732,
    0.9680333333333333,
    0.9695333333333334,
    0.9715333333333334,
    0.9692666666666667,
    0.9661666666666666,
    0.9615,
    0.9676,
    0.967,
    0.969,
    0.9706333333333333,
    0.9700333333333333,
    0.9689666666666666,
    0.9692,
    0.9687666666666667,
    0.9666,
    0.9738333333333333,
    0.9744,
    0.9698333333333333,
    0.9719666666666666,
    0.9726333333333333,
    0.9749666666666666,
    0.9731
  ],
  "val_gw_precision": [
    0.9799561540870655,
    0.9867298578199052,
    0.9815104982764024,
    0.9743882206553297,
    0.9720757058641017,
    0.9641503636177404,
    0.9747715946843853,
    0.9795471146822499,
    0.9626254351832889,
    0.9671776931783105,
    0.9745613124286159,
    0.9674394641937146,
    0.9575096800489097,
    0.9423538831064852,
    0.9628603672925002,
    0.9602371460697128,
    0.9661627069834413,
    0.9715438741721855,
    0.968769325912183,
    0.9650112866817155,
    0.9639897698209718,
    0.9656590581945301,
    0.9565438115544725,
    0.9813924315283294,
    0.9832408086309835,
    0.9686533305836255,
    0.9751868770764119,
    0.9793103448275862,
    0.9868337897619549,
    0.9794406178250887
  ],
  "val_gw_recall": [
    0.9391695847923962,
    0.9373686843421711,
    0.9400700350175087,
    0.9401700850425213,
    0.9403701850925462,
    0.9417708854427214,
    0.9393696848424212,
    0.9391695847923962,
    0.9405702851425712,
    0.9404702351175588,
    0.9390695347673836,
    0.9393696848424212,
    0.9401700850425213,
    0.9420710355177588,
    0.9389694847423712,
    0.9398699349674837,
    0.9398699349674837,
    0.9393696848424212,
    0.9403701850925462,
    0.9409704852426213,
    0.9427713856928465,
    0.9396698349174587,
    0.9425712856428214,
    0.9392696348174087,
    0.9391695847923962,
    0.9398699349674837,
    0.9397698849424713,
    0.9376688344172086,
    0.9373686843421711,
    0.9389694847423712
  ],
  "val_gw_f1": [
    0.9591294574435475,
    0.9614161108260646,
    0.9603434178250204,
    0.9569733693161567,
    0.955960130187144,
    0.9528292337281101,
    0.956743261833189,
    0.9589334967821024,
    0.9514700673042862,
    0.9536370092320179,
    0.9564862936920412,
    0.9531979695431472,
    0.9487606643444899,
    0.9422124380847551,
    0.9507648667814812,
    0.9499443826473859,
    0.9528349731210062,
    0.9551859199348899,
    0.954358531756105,
    0.9528392685274302,
    0.9532625189681335,
    0.9524871963896354,
    0.9495061479540416,
    0.9598691273452278,
    0.960700030703101,
    0.9540445843700807,
    0.9571508636062567,
    0.9580373115256836,
    0.9614654420442302,
    0.958778158042601
  ],
  "val_gw_roc_auc": [
    0.9843333738851431,
    0.9848477325391012,
    0.9850501656726889,
    0.9846397830257292,
    0.9847158345481164,
    0.9848067247820362,
    0.9844475799509352,
    0.9846734014345337,
    0.9846852568998821,
    0.9847409283246972,
    0.9843158394993547,
    0.9845703756652133,
    0.9842137714695888,
    0.9850783702273531,
    0.9846896179906999,
    0.9847648993204426,
    0.9851740766659259,
    0.9850847493229244,
    0.9852776450709733,
    0.985041340965409,
    0.9850696205388373,
    0.9852918136148804,
    0.9847884127017271,
    0.9850352869511487,
    0.9850422711980835,
    0.9849526162731452,
    0.9845343391515804,
    0.9849764247282352,
    0.9853358671337669,
    0.9851277575803649
  ],
  "val_gw_ap": [
    0.9808266402731555,
    0.981297891935613,
    0.9814875463685808,
    0.9811147942470597,
    0.9811950525293687,
    0.9812617270755721,
    0.9808212252418963,
    0.9810339891153699,
    0.9810248850679493,
    0.9809703707799513,
    0.9804877195213313,
    0.9806623073505246,
    0.980357049258361,
    0.981301430762071,
    0.9808236116189515,
    0.9809411125305106,
    0.9812724128714462,
    0.9813499980471739,
    0.9815683612976837,
    0.9812837166547705,
    0.981520778970783,
    0.9815241656470074,
    0.9812404264234142,
    0.9813339533961609,
    0.9813759574681601,
    0.9811808588711154,
    0.9808938961998079,
    0.9811312866701898,
    0.9815066844648688,
    0.9814165274590212
  ],
  "epoch_time_s": [
    486.15544867515564,
    461.59079575538635,
    461.44447922706604,
    460.6736376285553,
    460.61265420913696,
    461.873872756958,
    461.6872591972351,
    461.1723415851593,
    461.19139981269836,
    461.5244143009186,
    461.15231800079346,
    460.62316250801086,
    460.25474858283997,
    460.17477202415466,
    461.31196331977844,
    461.128112077713,
    460.97729992866516,
    460.618727684021,
    461.5829701423645,
    461.69122552871704,
    461.6110439300537,
    461.3292660713196,
    461.55764865875244,
    461.6588797569275,
    460.9879512786865,
    460.33655524253845,
    461.0442817211151,
    460.3823518753052,
    461.11075925827026,
    461.0376076698303
  ]
}