{
  "epoch": [
    0,
    1,
    2,
    3,
    4,
    5,
    6,
    7,
    8,
    9,
    10,
    11
  ],
  "train_loss": [
    0.16632640287435993,
    0.16052602554822262,
    0.1590521164723725,
    0.1579134850123307,
    0.15697598638290233,
    0.15593993187285893,
    0.15487111812852578,
    0.15362631540288485,
    0.15202661224826294,
    0.1501987414357084,
    0.14795038273610153,
    0.1453395492114417
  ],
  "val_loss": [
    0.14509697182973225,
    0.14123357051213584,
    0.14131952636241912,
    0.14245895530382793,
    0.14058137420018513,
    0.1404431501309077,
    0.14028329878648121,
    0.14055189575354257,
    0.1432462551434835,
    0.1468092502673467,
    0.14876611114343008,
    0.15725500911871593
  ],
  "val_acc3": [
    NaN,
    NaN,
    NaN,
    NaN,
    NaN,
    NaN,
    NaN,
    NaN,
    NaN,
    NaN,
    NaN,
    NaN
  ],
  "val_gw_acc_bin": [
    0.7754,
    0.7882666666666667,
    0.7871,
    0.7886,
    0.792,
    0.7896666666666666,
    0.7905,
    0.7877,
    0.7821333333333333,
    0.7661666666666667,
    0.7757666666666667,
    0.7412333333333333
  ],
  "val_gw_precision": [
    0.7904405207775994,
    0.8475481778286587,
    0.8216833095577746,
    0.8257535223827359,
    0.8837114244839567,
    0.8360386649644356,
    0.8284348441926346,
    0.8202048746026139,
    0.7795377404234686,
    0.6971421010849431,
    0.7560325916640551,
    0.6193838254172015
  ],
  "val_gw_recall": [
    0.4434217108554277,
    0.4444222111055528,
    0.46103051525762884,
    0.46323161580790395,
    0.43261630815407703,
    0.45862931465732865,
    0.46813406703351673,
    0.46463231615807904,
    0.48254127063531765,
    0.5271635817908954,
    0.4827413706853427,
    0.5792896448224112
  ],
  "val_gw_f1": [
    0.5681322907319574,
    0.5830926752428458,
    0.590655643145549,
    0.5935136520958851,
    0.5808704997313272,
    0.5923245897402765,
    0.5982228472799335,
    0.5932170913968193,
    0.5960944259053269,
    0.6003532159744773,
    0.5892410087317579,
    0.5986661841493046
  ],
  "val_gw_roc_auc": [
    0.782480040320085,
    0.7924895064377978,
    0.7954691667253271,
    0.7990337458156722,
    0.7965830278298359,
    0.7977899697161752,
    0.799358959659785,
    0.7976040507131845,
    0.7970672864550246,
    0.7975906973731803,
    0.7926697640247268,
    0.7925686337295115
  ],
  "val_gw_ap": [
    0.7219309517018917,
    0.7362930089436408,
    0.7402417781490271,
    0.7447851213414252,
    0.741797206706677,
    0.7428137573488467,
    0.7461965597646748,
    0.7437040845384567,
    0.7420298347419325,
    0.7424552604780441,
    0.7365901634833558,
    0.7375420017379718
  ],
  "epoch_time_s": [
    1197.5973525047302,
    1189.0763607025146,
    1196.7081751823425,
    1202.9108219146729,
    1206.3438172340393,
    1202.898354768753,
    1199.334095954895,
    1193.7426357269287,
    1193.583173751831,
    1184.81791639328,
    1184.8105039596558,
    1188.0006339550018
  ]
}