{
  "epoch": [
    0,
    1,
    2,
    3,
    4,
    5,
    6,
    7,
    8,
    9
  ],
  "train_loss": [
    0.31945383554193446,
    0.2951886091627845,
    0.2894942153877623,
    0.28580802729343074,
    0.2826159357938846,
    0.2792123464675995,
    0.27549542016207224,
    0.271277937590842,
    0.2662584000300463,
    0.26014116747105526
  ],
  "val_loss": [
    0.26358045093218485,
    0.26076187130610146,
    0.2557086230913798,
    0.25228740731875104,
    0.2584112025578817,
    0.2545013578414917,
    0.2562785918076833,
    0.25522993504206337,
    0.26802028935750327,
    0.27991649057070417
  ],
  "val_acc3": [
    0.7917333333333333,
    0.7953,
    0.8028333333333333,
    0.8041,
    0.7973333333333333,
    0.8039333333333334,
    0.8037,
    0.8033333333333333,
    0.7945333333333333,
    0.7946666666666666
  ],
  "val_gw_acc_bin": [
    0.8275,
    0.795,
    0.7912,
    0.8192,
    0.7662333333333333,
    0.8171333333333334,
    0.8201666666666667,
    0.821,
    0.7814666666666666,
    0.8019666666666667
  ],
  "val_gw_precision": [
    0.8327809997238332,
    0.6844832549659342,
    0.667685393258427,
    0.7551065967183838,
    0.6154918667699458,
    0.7523223279238948,
    0.7613042490343104,
    0.7696793002915452,
    0.6476092368443643,
    0.7036367289531846
  ],
  "val_gw_recall": [
    0.6034017008504252,
    0.7136568284142071,
    0.7431715857928964,
    0.6768384192096047,
    0.7949974987493746,
    0.6725362681340671,
    0.6704352176088044,
    0.6603301650825413,
    0.7547773886943472,
    0.7007503751875938
  ],
  "val_gw_f1": [
    0.6997737425306029,
    0.6987656739811913,
    0.7034090909090909,
    0.7138334916112693,
    0.6938223095394019,
    0.7101954569466455,
    0.7129861148055541,
    0.7108239095315024,
    0.697098503049344,
    0.7021905859942853
  ],
  "val_gw_roc_auc": [
    0.8828729435950167,
    0.8859567174239457,
    0.8905029720558855,
    0.8906493761752159,
    0.8917380809875071,
    0.8902541573210999,
    0.8906550425925285,
    0.8898656426438663,
    0.8882899410214979,
    0.8870660648994829
  ],
  "val_gw_ap": [
    0.8354926587264415,
    0.839762728471879,
    0.8460762267050408,
    0.8468617223820645,
    0.8475979607093045,
    0.8463148803576841,
    0.8464339998386738,
    0.8452150631258972,
    0.8432801253139761,
    0.8418579935259162
  ],
  "epoch_time_s": [
    1187.4120073318481,
    1189.224708557129,
    1185.7944855690002,
    1184.3986818790436,
    1184.0048611164093,
    1195.8926634788513,
    1192.885757446289,
    1184.1056218147278,
    1191.4610795974731,
    1188.1323125362396
  ]
}