{
  "epoch": [
    0,
    1,
    2,
    3,
    4,
    5,
    6,
    7,
    8,
    9
  ],
  "train_loss": [
    0.1230205235362053,
    0.10943433074057102,
    0.10623473487993082,
    0.1043024361550808,
    0.10249857962826887,
    0.10076065573592981,
    0.09891682320733865,
    0.09697837950885296,
    0.09469927621285121,
    0.0921631097793579
  ],
  "val_loss": [
    0.1117232518196106,
    0.1104273534933726,
    0.1085046657760938,
    0.10873740558624267,
    0.1086653169631958,
    0.10741174520651499,
    0.10901685842672984,
    0.10879904529253642,
    0.11584502857526144,
    0.12877638552188872
  ],
  "val_acc3": [
    NaN,
    NaN,
    NaN,
    NaN,
    NaN,
    NaN,
    NaN,
    NaN,
    NaN,
    NaN
  ],
  "val_gw_acc_bin": [
    0.8261,
    0.8306666666666667,
    0.8321666666666667,
    0.8299,
    0.8346,
    0.8366666666666667,
    0.8366333333333333,
    0.8337666666666667,
    0.8296,
    0.8236333333333333
  ],
  "val_gw_precision": [
    0.8939643799472295,
    0.9457645565028115,
    0.8629976580796253,
    0.829560765292374,
    0.8739783028681825,
    0.9052012088436456,
    0.9174041297935103,
    0.8894245723172628,
    0.8475444839857651,
    0.7962962962962963
  ],
  "val_gw_recall": [
    0.5423711855927964,
    0.5216608304152076,
    0.5898949474737368,
    0.616008004002001,
    0.5883941970985492,
    0.5693846923461731,
    0.56008004002001,
    0.5721860930465232,
    0.5956978489244622,
    0.6324162081040521
  ],
  "val_gw_f1": [
    0.675135438072109,
    0.6724271343822543,
    0.7007785107268081,
    0.7070103921456048,
    0.7033006457785218,
    0.6990541702493552,
    0.6955333291917749,
    0.6963774733637748,
    0.699647473560517,
    0.7049573412145207
  ],
  "val_gw_roc_auc": [
    0.8711264580053086,
    0.878477821765169,
    0.8827770221026534,
    0.8867935992490122,
    0.8875177828854443,
    0.88713185135432,
    0.8857574100721943,
    0.8850989978868465,
    0.8832201229332486,
    0.8835381224728835
  ],
  "val_gw_ap": [
    0.8223159998703868,
    0.8314594485595577,
    0.8378099767831492,
    0.841407800066031,
    0.8426257439035247,
    0.8421191272918671,
    0.8406902869667673,
    0.8393087962418639,
    0.8371851059047389,
    0.8382917028298715
  ],
  "epoch_time_s": [
    340.70268654823303,
    322.28868293762207,
    321.3772077560425,
    321.6403896808624,
    322.0715084075928,
    323.4035074710846,
    323.2272491455078,
    323.92181420326233,
    323.91619420051575,
    330.92683243751526
  ]
}