{
  "epoch": [
    0,
    1,
    2,
    3,
    4,
    5,
    6,
    7,
    8,
    9
  ],
  "train_loss": [
    0.18985232396920523,
    0.16162344260017078,
    0.15542690032720566,
    0.0989062683681647,
    0.08812302974263828,
    0.08566311446328957,
    0.0826629293223222,
    0.08247891264061133,
    0.08243241802255312,
    0.08210692125757535
  ],
  "val_loss": [
    0.17382154344717662,
    0.1603023562749227,
    0.15322823358376822,
    0.09529825970331827,
    0.08907630832592646,
    0.09167726204395295,
    0.09246225607395173,
    0.09285530610879263,
    0.08985809816122055,
    0.08856354524294535
  ],
  "val_acc3": [
    0.8822,
    0.8874666666666666,
    0.8972333333333333,
    0.9609,
    0.9652,
    0.9638333333333333,
    0.9660666666666666,
    0.9656333333333333,
    0.9659333333333333,
    0.9665333333333334
  ],
  "val_gw_acc_bin": [
    0.9322,
    0.9501333333333334,
    0.9541666666666667,
    0.9713,
    0.9763,
    0.9741666666666666,
    0.9752,
    0.9754,
    0.9757666666666667,
    0.9763666666666667
  ],
  "val_gw_precision": [
    0.8784824569744224,
    0.9298068170324669,
    0.9483045558560432,
    0.9741486710963455,
    0.9922587486744433,
    0.9810100166944908,
    0.9838895281933256,
    0.9852185763706888,
    0.9865602687946241,
    0.9895613665120202
  ],
  "val_gw_recall": [
    0.9243621810905452,
    0.91975987993997,
    0.9121560780390195,
    0.9387693846923462,
    0.936168084042021,
    0.9406703351675838,
    0.9409704852426213,
    0.9402701350675338,
    0.9400700350175087,
    0.9389694847423712
  ],
  "val_gw_f1": [
    0.9008385335413417,
    0.924756060758475,
    0.9298791371309092,
    0.9561318591735873,
    0.9633976833976834,
    0.9604167730731907,
    0.9619515188708193,
    0.9622197194634995,
    0.9627542394589887,
    0.9636018276092202
  ],
  "val_gw_roc_auc": [
    0.9765693744147754,
    0.9773294695335669,
    0.9759911022744564,
    0.9848672349171335,
    0.9845770773414699,
    0.9855133215195452,
    0.9855460246994279,
    0.9844786102123793,
    0.9851539116221444,
    0.9852397730982461
  ],
  "val_gw_ap": [
    0.9712827856716298,
    0.9722958737812679,
    0.9709841172830997,
    0.9810753063613862,
    0.9810008023983682,
    0.9819247303359238,
    0.981984838926873,
    0.9810342664836414,
    0.9816669690921584,
    0.9817106115962202
  ],
  "epoch_time_s": [
    449.7134232521057,
    446.21643233299255,
    455.1927344799042,
    653.9474065303802,
    649.6793270111084,
    649.2517659664154,
    467.5783643722534,
    465.22154211997986,
    465.0472345352173,
    470.5738673210144
  ]
}