{
  "epoch": [
    0,
    1,
    2,
    3,
    4,
    5,
    6,
    7,
    8,
    9
  ],
  "train_loss": [
    0.09590405414700508,
    0.08572407816052437,
    0.08342432690262795,
    0.08137304188509782,
    0.07941841128716866,
    0.07747163087079922,
    0.07562539692372083,
    0.07355878917525212,
    0.0716423215140899,
    0.06939293657491605
  ],
  "val_loss": [
    0.08931737265984217,
    0.08791784552733103,
    0.08664821784496307,
    0.08671937980254492,
    0.08848230694333713,
    0.09700474448204041,
    0.1067809089422226,
    0.09505731424093246,
    0.10660411678155263,
    0.104463847219944
  ],
  "val_acc3": [
    0.9645,
    0.9659666666666666,
    0.9677,
    0.9671666666666666,
    0.9661,
    0.9629333333333333,
    0.9573666666666667,
    0.9663,
    0.9604666666666667,
    0.9617333333333333
  ],
  "val_gw_acc_bin": [
    0.9764,
    0.9756,
    0.9761333333333333,
    0.9769666666666666,
    0.9768333333333333,
    0.9699333333333333,
    0.9623333333333334,
    0.9736666666666667,
    0.9687333333333333,
    0.9703
  ],
  "val_gw_precision": [
    0.9947789025039957,
    0.9888126649076517,
    0.9879061941318751,
    0.9948936170212765,
    0.9941551540913921,
    0.9657821944472902,
    0.9424977538185085,
    0.9795769511305616,
    0.9627056299172372,
    0.96802385358832
  ],
  "val_gw_recall": [
    0.9340670335167583,
    0.9373686843421711,
    0.9398699349674837,
    0.9356678339169585,
    0.935967983991996,
    0.9431715857928964,
    0.9445722861430715,
    0.9405702851425712,
    0.9426713356678339,
    0.9419709854927464
  ],
  "val_gw_f1": [
    0.9634674922600618,
    0.9624036979969184,
    0.9632895816242822,
    0.9643722608919824,
    0.964184488533883,
    0.9543429844097995,
    0.9435338796721967,
    0.9596774193548387,
    0.9525831564048125,
    0.9548197353075403
  ],
  "val_gw_roc_auc": [
    0.9847543241753344,
    0.9849756420324633,
    0.9851977575891171,
    0.9848641891553125,
    0.9853099331470283,
    0.9852762122125798,
    0.9852255045293203,
    0.9849984827454967,
    0.9852777325928647,
    0.9856078226566418
  ],
  "val_gw_ap": [
    0.9812209609460609,
    0.981482271859933,
    0.981790204172277,
    0.9813903898784673,
    0.9818773080809463,
    0.9818926720137041,
    0.9816103719170225,
    0.9813967922703085,
    0.9817785977798467,
    0.9820516861393429
  ],
  "epoch_time_s": [
    666.5953686237335,
    649.7757277488708,
    650.3007123470306,
    648.9743106365204,
    649.3925566673279,
    649.7496588230133,
    654.2676265239716,
    651.5214273929596,
    649.8976936340332,
    649.9073634147644
  ]
}