{
  "epoch": [
    0,
    1,
    2,
    3,
    4,
    5,
    6,
    7,
    8,
    9
  ],
  "train_loss": [
    0.16631326786813205,
    0.16069201663674373,
    0.1591358956357836,
    0.15802751671256834,
    0.1570395202510665,
    0.1561005859397763,
    0.15493854851002253,
    0.15382742896586415,
    0.15239564054593221,
    0.1506538753547096
  ],
  "val_loss": [
    0.1466429645061493,
    0.1423102770090103,
    0.1415407674074173,
    0.14150392106374104,
    0.14028473250865936,
    0.139047567542394,
    0.14466541193326315,
    0.14434737083117166,
    0.14153771184285482,
    0.14697311067581176
  ],
  "val_acc3": [
    NaN,
    NaN,
    NaN,
    NaN,
    NaN,
    NaN,
    NaN,
    NaN,
    NaN,
    NaN
  ],
  "val_gw_acc_bin": [
    0.7829666666666667,
    0.7903333333333333,
    0.7909666666666667,
    0.7880666666666667,
    0.7894,
    0.7898666666666667,
    0.7921,
    0.7788666666666667,
    0.7752666666666667,
    0.7746333333333333
  ],
  "val_gw_precision": [
    0.8722222222222222,
    0.9123080347206766,
    0.8779943158749492,
    0.8366969079800037,
    0.8186860807765644,
    0.8258873388663253,
    0.8895107794361525,
    0.75108322127596,
    0.7389452034670192,
    0.7464939024390244
  ],
  "val_gw_recall": [
    0.40840420210105055,
    0.4101050525262631,
    0.43271635817908954,
    0.45212606303151576,
    0.472536268134067,
    0.46793396698349177,
    0.4293146573286643,
    0.5029514757378689,
    0.5032516258129065,
    0.48994497248624314
  ],
  "val_gw_f1": [
    0.5563202725724021,
    0.5658475980121479,
    0.5797198579183701,
    0.587035593660691,
    0.5992133976148185,
    0.5973943032315749,
    0.5791213982050071,
    0.6024688398849473,
    0.5987382454469706,
    0.5916037450921172
  ],
  "val_gw_roc_auc": [
    0.7805048612784273,
    0.7921010917855829,
    0.7942924649027838,
    0.7976226778723028,
    0.8001409452539316,
    0.8001431107955878,
    0.7977457286503786,
    0.8000390147585665,
    0.7995170216950516,
    0.7949706095237071
  ],
  "val_gw_ap": [
    0.7211775184038276,
    0.7355634348155149,
    0.7397248217256155,
    0.7414833378555814,
    0.7463900706540885,
    0.7458513963104223,
    0.7429225703102129,
    0.7455869084753496,
    0.7439014595450452,
    0.7389801974699708
  ],
  "epoch_time_s": [
    1470.892863035202,
    1495.9219856262207,
    1423.051683664322,
    1340.7240872383118,
    1505.9194452762604,
    1528.341658115387,
    1513.165526151657,
    1549.7247359752655,
    1448.8620297908783,
    1533.4301245212555
  ]
}