{
  "epoch": [
    0,
    1,
    2,
    3,
    4,
    5,
    6,
    7,
    8,
    9,
    10,
    11,
    12,
    13,
    14,
    15,
    16,
    17,
    18,
    19
  ],
  "train_loss": [
    0.2865377515276273,
    0.25971710633834205,
    0.2535405568877856,
    0.24900183159510295,
    0.24530733347733816,
    0.24172049223184586,
    0.23871469218730926,
    0.23461395262082418,
    0.23022726419766745,
    0.2254331938246886,
    0.2199269134759903,
    0.21309081681966782,
    0.20629098017017047,
    0.19784982599218687,
    0.1879938309152921,
    0.17784513912200928,
    0.16794406713247298,
    0.15599975362618765,
    0.1448226949016253,
    0.1342179227044185
  ],
  "val_loss": [
    0.2724664739608765,
    0.2621128189086914,
    0.259739417330424,
    0.2560711979389191,
    0.25511913522084556,
    0.2617349478085836,
    0.2600656983613968,
    0.2655727270444234,
    0.28528402911822,
    0.29510915683110556,
    0.2952634697596232,
    0.313834227403005,
    0.30248217695554097,
    0.3447738956928253,
    0.3748490640322367,
    0.37505530300140383,
    0.40199028164545697,
    0.4483840267499288,
    0.5102161230246226,
    0.4950113590876261
  ],
  "val_acc3": [
    0.7748333333333334,
    0.7897,
    0.7926333333333333,
    0.7933333333333333,
    0.7983333333333333,
    0.7948333333333333,
    0.7996,
    0.7983,
    0.7952333333333333,
    0.7891666666666667,
    0.7906,
    0.7892333333333333,
    0.7905333333333333,
    0.7825666666666666,
    0.775,
    0.7751333333333333,
    0.7824666666666666,
    0.7716,
    0.7750666666666667,
    0.7543
  ],
  "val_gw_acc_bin": [
    0.8188666666666666,
    0.8208333333333333,
    0.8262666666666667,
    0.8277,
    0.8262666666666667,
    0.8101666666666667,
    0.8241,
    0.8195,
    0.818,
    0.8082666666666667,
    0.8081333333333334,
    0.8075666666666667,
    0.8143666666666667,
    0.8027666666666666,
    0.7925333333333333,
    0.7940666666666667,
    0.8057666666666666,
    0.7905333333333333,
    0.7948,
    0.7740666666666667
  ],
  "val_gw_precision": [
    0.9183636030086223,
    0.8759765625,
    0.9104170241977003,
    0.8964837331580677,
    0.8724497741784769,
    0.7527627557018575,
    0.8422809053975624,
    0.8085421719213151,
    0.7934515335835383,
    0.752289213937448,
    0.7533771667662881,
    0.7593366093366093,
    0.7950666666666667,
    0.7327094270714449,
    0.6984945783766713,
    0.7039213591195641,
    0.7620065375911491,
    0.6976248801789328,
    0.7165256627185561,
    0.6494749558591209
  ],
  "val_gw_recall": [
    0.5008504252126063,
    0.5384692346173087,
    0.5307653826913457,
    0.5458729364682341,
    0.56048024012006,
    0.6406203101550776,
    0.5807903951975988,
    0.60040020010005,
    0.6134067033516758,
    0.6329164582291146,
    0.6305152576288144,
    0.6184092046023012,
    0.5965982991495747,
    0.6423211605802901,
    0.663831915957979,
    0.6591295647823912,
    0.6064032016008004,
    0.655327663831916,
    0.6355177588794397,
    0.6992496248124062
  ],
  "val_gw_f1": [
    0.6481937071086364,
    0.666955821302435,
    0.670585261028947,
    0.6785647658727691,
    0.6825048732943471,
    0.692178801145884,
    0.6875111032154911,
    0.6890968593902509,
    0.6919083624873039,
    0.6874592479895676,
    0.6864923747276689,
    0.6816652881169011,
    0.681680480137182,
    0.6845444367436158,
    0.6807222735200574,
    0.6807895008783714,
    0.6753579586606496,
    0.6758151052414362,
    0.6735949098621422,
    0.6734438234727307
  ],
  "val_gw_roc_auc": [
    0.8694371754735153,
    0.8789471041444241,
    0.8801470517813268,
    0.8824216432135088,
    0.8846175549659359,
    0.8834950692041847,
    0.884616984823329,
    0.8838191552662109,
    0.8829570271264101,
    0.8810133834725411,
    0.8808389873517114,
    0.8782785719278036,
    0.8762318900014867,
    0.876882370202847,
    0.8751074837593753,
    0.8726116294838246,
    0.8705377182467765,
    0.8691234920134399,
    0.868009480871403,
    0.8699516816643763
  ],
  "val_gw_ap": [
    0.813616034596317,
    0.8253694018873321,
    0.8284020353063579,
    0.831646009117041,
    0.834071886772996,
    0.832798011751992,
    0.8341013558843969,
    0.8328137546170581,
    0.8320548569157682,
    0.8292091685563792,
    0.8286343589398262,
    0.8256434760865881,
    0.8236781549000493,
    0.8245840648094959,
    0.8229340195493333,
    0.8202555225225664,
    0.8172634662953555,
    0.8157878216115303,
    0.8144470244910117,
    0.8167085256523063
  ],
  "epoch_time_s": [
    669.6521947383881,
    650.0072021484375,
    649.8887844085693,
    649.4892344474792,
    650.0108065605164,
    650.4094743728638,
    650.3963265419006,
    650.540981054306,
    651.2362749576569,
    650.4431312084198,
    650.4755284786224,
    649.721551656723,
    649.3933539390564,
    649.4834916591644,
    649.45685338974,
    649.3033690452576,
    650.5949499607086,
    650.0893363952637,
    649.9522128105164,
    650.0586454868317
  ]
}