{
  "epoch": [
    0,
    1,
    2,
    3,
    4,
    5,
    6,
    7,
    8,
    9
  ],
  "train_loss": [
    0.18921158130764962,
    0.1630814945022265,
    0.15698648446599642,
    0.15383328888118267,
    0.15147872144381205,
    0.1493436075369517,
    0.14792612313727538,
    0.14647814194262027,
    0.14565798770387967,
    0.14468433586756388
  ],
  "val_loss": [
    0.18843030397097268,
    0.16541008010705313,
    0.15078434540430705,
    0.149680619653066,
    0.15319962601661682,
    0.17457112622261048,
    0.14569348485469819,
    0.14974262856642406,
    0.14766344147523244,
    0.14629055602550506
  ],
  "val_acc3": [
    0.8805,
    0.8885333333333333,
    0.9001333333333333,
    0.9022666666666667,
    0.8970333333333333,
    0.8831333333333333,
    0.9051666666666667,
    0.9,
    0.9043666666666667,
    0.903
  ],
  "val_gw_acc_bin": [
    0.9292666666666667,
    0.9376666666666666,
    0.9549333333333333,
    0.9584333333333334,
    0.9526333333333333,
    0.9415666666666667,
    0.9577,
    0.9502333333333334,
    0.9516333333333333,
    0.9557666666666667
  ],
  "val_gw_precision": [
    0.8684826359636806,
    0.8909633336541237,
    0.947128815312985,
    0.9642326469963914,
    0.9360252237591538,
    0.9007195643718398,
    0.9569543359865941,
    0.9262081411670343,
    0.9296057924376508,
    0.9448778484910696
  ],
  "val_gw_recall": [
    0.928264132066033,
    0.9262631315657829,
    0.9158579289644823,
    0.9089544772386193,
    0.9207603801900951,
    0.9267633816908454,
    0.9141570785392696,
    0.9242621310655328,
    0.9248624312156078,
    0.92096048024012
  ],
  "val_gw_f1": [
    0.8973788567559725,
    0.9082703816344551,
    0.9312309257375381,
    0.9357779265592007,
    0.9283300549755384,
    0.9135558952611075,
    0.9350662641354961,
    0.925234112874956,
    0.9272280455388936,
    0.9327658712063638
  ],
  "val_gw_roc_auc": [
    0.9762249082551775,
    0.9769892569378916,
    0.9769125952628901,
    0.9768175389869392,
    0.9775499296761602,
    0.9766484716989838,
    0.9784708450201107,
    0.9772305022793827,
    0.9780642083101034,
    0.978543118097414
  ],
  "val_gw_ap": [
    0.9711152891138819,
    0.9720369155497551,
    0.9720174307576341,
    0.9718023349981086,
    0.972795738281555,
    0.9719483087862906,
    0.9735344186493784,
    0.97278228114744,
    0.973460306171125,
    0.9738180357823558
  ],
  "epoch_time_s": [
    330.19147753715515,
    335.1134798526764,
    340.10361671447754,
    644.183718919754,
    640.2086935043335,
    639.5144164562225,
    639.9360587596893,
    639.3034009933472,
    639.738475561142,
    639.8155007362366
  ]
}