{
  "epoch": [
    0,
    1,
    2,
    3,
    4,
    5,
    6,
    7,
    8,
    9,
    10,
    11,
    12,
    13,
    14,
    15,
    16,
    17,
    18,
    19,
    20,
    21,
    22,
    23,
    24,
    25,
    26,
    27,
    28,
    29,
    30,
    31,
    32,
    33,
    34,
    35,
    36,
    37,
    38
  ],
  "train_loss": [
    0.15658793693616413,
    0.1385551675678609,
    0.13457237292405608,
    0.1327207015182705,
    0.1312856339083864,
    0.13042352925825268,
    0.12983675292207564,
    0.12921411636656502,
    0.1288013997800276,
    0.12854758023693397,
    0.12809685781976174,
    0.12797027048704795,
    0.12761779023875686,
    0.12741326359462402,
    0.1272598113557711,
    0.12705624074995003,
    0.12681975388247058,
    0.12668025250985865,
    0.1266140293309491,
    0.12623369678067595,
    0.12628702227666433,
    0.12611470126022914,
    0.12605546811547325,
    0.12583701606725886,
    0.12568963658753535,
    0.12556917813983912,
    0.12541695453154458,
    0.1253923332791755,
    0.1251422623096883,
    0.12502895588049895,
    0.1248936072584381,
    0.12465564964186637,
    0.12460500891085323,
    0.12439617572004902,
    0.12451619613285218,
    0.12426740005456463,
    0.12412893454652166,
    0.12389943324732992,
    0.12338020789928845
  ],
  "val_loss": [
    0.12447425232728322,
    0.11959737354914347,
    0.11564862933953603,
    0.11403741815884907,
    0.11624260710875194,
    0.11402662419478099,
    0.11192442199786504,
    0.11060515675544738,
    0.10956085470517476,
    0.11033101649681727,
    0.10975886263847351,
    0.10935212245384852,
    0.11000761258602142,
    0.1112911401629448,
    0.11001646533012391,
    0.11025410559177398,
    0.10846975199778874,
    0.10994091208775839,
    0.10759006977478663,
    0.10769922265211741,
    0.11035802906751632,
    0.1084334143837293,
    0.10813760273059209,
    0.10879196256399154,
    0.10894455013275146,
    0.10736542053222656,
    0.10822584718465805,
    0.10890101768175761,
    0.10671677795251211,
    0.10782285604476928,
    0.10689665022293726,
    0.1086146526535352,
    0.10873958992958069,
    0.10722828579743703,
    0.10831807185808817,
    0.10740257801214854,
    0.10835631877978642,
    0.10802383190790812,
    0.10722896313667298
  ],
  "val_acc3": [
    NaN,
    NaN,
    NaN,
    NaN,
    NaN,
    NaN,
    NaN,
    NaN,
    NaN,
    NaN,
    NaN,
    NaN,
    NaN,
    NaN,
    NaN,
    NaN,
    NaN,
    NaN,
    NaN,
    NaN,
    NaN,
    NaN,
    NaN,
    NaN,
    NaN,
    NaN,
    NaN,
    NaN,
    NaN,
    NaN,
    NaN,
    NaN,
    NaN,
    NaN,
    NaN,
    NaN,
    NaN,
    NaN,
    NaN
  ],
  "val_gw_acc_bin": [
    0.6472666666666667,
    0.8078666666666666,
    0.8164666666666667,
    0.7873666666666667,
    0.8079666666666667,
    0.792,
    0.8248666666666666,
    0.8199666666666666,
    0.8307666666666667,
    0.8204333333333333,
    0.8207,
    0.8177666666666666,
    0.8293,
    0.7873,
    0.8126333333333333,
    0.8019333333333334,
    0.8242666666666667,
    0.8205,
    0.8326666666666667,
    0.8322,
    0.7833666666666667,
    0.8049333333333333,
    0.8043,
    0.8148333333333333,
    0.8149666666666666,
    0.8256333333333333,
    0.8238333333333333,
    0.8195666666666667,
    0.8341,
    0.8215333333333333,
    0.8235,
    0.7945,
    0.8167,
    0.8197666666666666,
    0.8187333333333333,
    0.8016,
    0.813,
    0.8159333333333333,
    0.8192333333333334
  ],
  "val_gw_precision": [
    0.48470637277890677,
    0.7824809720924022,
    0.8034338245234555,
    0.6700526711813394,
    0.7548759932578859,
    0.6834750317599921,
    0.8542818711702287,
    0.7812193927522038,
    0.854016700259142,
    0.7909825713564032,
    0.7851494934519397,
    0.7621584066697545,
    0.8333789329685363,
    0.6650228310502283,
    0.747678369195923,
    0.7063855789795295,
    0.8005600101820033,
    0.7770432692307693,
    0.844004978564514,
    0.8453292496171516,
    0.652743795875568,
    0.7067571613933527,
    0.7105800653594772,
    0.7560553633217993,
    0.7532482334169136,
    0.8095114345114345,
    0.7932752179327521,
    0.7688967136150234,
    0.8436986301369863,
    0.7764804003336113,
    0.7898371978293044,
    0.684631700732742,
    0.7577981651376147,
    0.7734859322842156,
    0.7660245183887916,
    0.7000890824507572,
    0.7459890048244138,
    0.7572167912593445,
    0.7725971857858336
  ],
  "val_gw_recall": [
    0.9306653326663331,
    0.5862931465732867,
    0.5945972986493246,
    0.7127563781890945,
    0.6273136568284142,
    0.6997498749374688,
    0.5718859429714858,
    0.6384192096048024,
    0.5934967483741871,
    0.6266133066533267,
    0.6358179089544772,
    0.6585292646323162,
    0.6095047523761881,
    0.7285642821410705,
    0.6605302651325663,
    0.6939469734867434,
    0.6293146573286643,
    0.6468234117058529,
    0.6106053026513256,
    0.607503751875938,
    0.7473736868434218,
    0.7084542271135568,
    0.6961480740370185,
    0.6558279139569785,
    0.6612306153076538,
    0.6233116558279139,
    0.6373186593296648,
    0.6554277138569284,
    0.616208104052026,
    0.6520260130065032,
    0.64072036018009,
    0.7104552276138069,
    0.6611305652826414,
    0.6491245622811406,
    0.6564282141070535,
    0.7076538269134567,
    0.6652326163081541,
    0.6587293646823412,
    0.648224112056028
  ],
  "val_gw_f1": [
    0.6374289042691701,
    0.6703271562571493,
    0.6834176632934683,
    0.6907451398652252,
    0.6852084585541773,
    0.6915167095115681,
    0.6851252547045428,
    0.7026372295325662,
    0.7003128504810814,
    0.6992686875453582,
    0.7026369616894245,
    0.7065643282700875,
    0.704073967061543,
    0.6953449510623061,
    0.7014077025232404,
    0.7001110326032098,
    0.7046829486892225,
    0.705978705978706,
    0.7085800534076395,
    0.7069507509605308,
    0.6968608610476235,
    0.7076046767262915,
    0.7032900389144389,
    0.7023841414412001,
    0.7042463636847993,
    0.7043129274772484,
    0.7067961165048544,
    0.7076424520658924,
    0.7122289679098004,
    0.7088318468566456,
    0.7075070430315417,
    0.6973044631020768,
    0.706171520170986,
    0.7058695533917206,
    0.7070043103448276,
    0.7038511294656183,
    0.7033001903955998,
    0.7045478865703586,
    0.7049670855774985
  ],
  "val_gw_roc_auc": [
    0.8572283467402284,
    0.8621112555778014,
    0.8725958455358647,
    0.8792759513973434,
    0.8722337774735905,
    0.8811140086414114,
    0.8788115252327489,
    0.8835623210255465,
    0.8856281327367006,
    0.8821373446033189,
    0.8830658168374365,
    0.8853854220286851,
    0.8840715608991698,
    0.8832819308929646,
    0.8856431739988965,
    0.8851330313994789,
    0.8841403230983149,
    0.8865850070748946,
    0.8854374375390645,
    0.8880488832269171,
    0.8859027589275768,
    0.8879579354786116,
    0.8883419190224956,
    0.885387950161034,
    0.8857275476028441,
    0.8865249570548834,
    0.8868039518384535,
    0.888854284677955,
    0.8891225392751362,
    0.888073656923438,
    0.8863453696355801,
    0.8853249218960892,
    0.8851327338250479,
    0.8853488478805762,
    0.8854503682733643,
    0.8877001860090254,
    0.88529692989459,
    0.8842044716434698,
    0.8868591681494333
  ],