{
  "epoch": [
    0,
    1,
    2,
    3,
    4,
    5,
    6,
    7,
    8,
    9,
    10,
    11,
    12,
    13,
    14,
    15,
    16,
    17,
    18,
    19,
    20,
    21,
    22,
    23,
    24,
    25,
    26,
    27,
    28,
    29
  ],
  "train_loss": [
    0.18985232396920523,
    0.16162344260017078,
    0.15542690032720566,
    0.0989062683681647,
    0.08812302974263828,
    0.08566311446328957,
    0.08374258582492669,
    0.08251390302975972,
    0.08137200295329095,
    0.07997776042819023,
    0.0790093323369821,
    0.07781209009538094,
    0.07672638720820348,
    0.07537993171215057,
    0.0740252985348304,
    0.07295068472822507,
    0.0716043961857756,
    0.07023822366942963,
    0.06872860567768414,
    0.06692478510091703,
    0.06435056498646737,
    0.060743782519797486,
    0.056446193506817025,
    0.05197650945037603,
    0.047277578345437846,
    0.043507392911116285,
    0.040613070720434186,
    0.03841059511353572,
    0.036799607224265736,
    0.035431877931952474
  ],
  "val_loss": [
    0.17382154344717662,
    0.1603023562749227,
    0.15322823358376822,
    0.09529825970331827,
    0.08907630832592646,
    0.09167726204395295,
    0.0922852664510409,
    0.10067238306999207,
    0.09631564900477728,
    0.0910888236840566,
    0.08906536878744761,
    0.09646412974993387,
    0.08812365723053614,
    0.0934257335225741,
    0.1017483103354772,
    0.09671117475032806,
    0.11791955966154734,
    0.09912134350935618,
    0.11041059283415476,
    0.10021443984508514,
    0.10858430347839991,
    0.12398402126232783,
    0.1593345171689987,
    0.13644369995594025,
    0.16552625516255698,
    0.17022003219127654,
    0.16542138531605402,
    0.19031904899477958,
    0.19198018089135488,
    0.2047678473353386
  ],
  "val_acc3": [
    0.8822,
    0.8874666666666666,
    0.8972333333333333,
    0.9609,
    0.9652,
    0.9638333333333333,
    0.9663333333333334,
    0.9618666666666666,
    0.9618,
    0.9656,
    0.9673333333333334,
    0.9639333333333333,
    0.9681,
    0.9677,
    0.9636333333333333,
    0.9648666666666667,
    0.9589666666666666,
    0.9667,
    0.9637666666666667,
    0.9664,
    0.9658333333333333,
    0.9633666666666667,
    0.9660666666666666,
    0.9642666666666667,
    0.9609333333333333,
    0.9623,
    0.9624,
    0.9619,
    0.9615666666666667,
    0.9618
  ],
  "val_gw_acc_bin": [
    0.9322,
    0.9501333333333334,
    0.9541666666666667,
    0.9713,
    0.9763,
    0.9741666666666666,
    0.9762,
    0.97,
    0.9695666666666667,
    0.9759333333333333,
    0.9766666666666667,
    0.9735666666666667,
    0.9774,
    0.9760666666666666,
    0.9737,
    0.9746,
    0.9692333333333333,
    0.9761,
    0.9726333333333333,
    0.9751,
    0.9741666666666666,
    0.9721666666666666,
    0.9753,
    0.9721666666666666,
    0.9696666666666667,
    0.9718,
    0.972,
    0.9729333333333333,
    0.9718333333333333,
    0.9714666666666667
  ],
  "val_gw_precision": [
    0.8784824569744224,
    0.9298068170324669,
    0.9483045558560432,
    0.9741486710963455,
    0.9922587486744433,
    0.9810100166944908,
    0.9883194780595601,
    0.9671289162814587,
    0.9645999590750972,
    0.9873856827499211,
    0.9932081078212883,
    0.9788717735220649,
    0.994900669287156,
    0.9880063124671226,
    0.9790799333888426,
    0.9819396596721996,
    0.9655172413793104,
    0.9895525538201773,
    0.9766209476309227,
    0.9857142857142858,
    0.9834312080536913,
    0.9757947226262207,
    0.9882861967074715,
    0.9771827464055012,
    0.9669990747404132,
    0.9743855646583014,
    0.974893661168171,
    0.977336521467928,
    0.9742898610823139,
    0.9752470098803953
  ],
  "val_gw_recall": [
    0.9243621810905452,
    0.91975987993997,
    0.9121560780390195,
    0.9387693846923462,
    0.936168084042021,
    0.9406703351675838,
    0.9396698349174587,
    0.9419709854927464,
    0.943271635817909,
    0.9397698849424713,
    0.936368184092046,
    0.9409704852426213,
    0.9369684842421211,
    0.9395697848924462,
    0.9411705852926463,
    0.9410705352676338,
    0.9412706353176589,
    0.9381690845422711,
    0.9403701850925462,
    0.9388694347173587,
    0.9382691345672837,
    0.9397698849424713,
    0.9369684842421211,
    0.9383691845922961,
    0.9410705352676338,
    0.9400700350175087,
    0.9401700850425213,
    0.9405702851425712,
    0.9402701350675338,
    0.9381690845422711
  ],
  "val_gw_f1": [
    0.9008385335413417,
    0.924756060758475,
    0.9298791371309092,
    0.9561318591735873,
    0.9633976833976834,
    0.9604167730731907,
    0.9633808595753411,
    0.954384186517993,
    0.9538165815165158,
    0.9629895427516917,
    0.9639509733237203,
    0.9595470081110034,
    0.9650659521846661,
    0.9631794871794872,
    0.9597510585114523,
    0.961070808214979,
    0.9532397791174831,
    0.9631760053412768,
    0.9581528110505122,
    0.9617217524980785,
    0.9603194920894987,
    0.9574435553743438,
    0.9619434030096041,
    0.957382738733221,
    0.9538586350268736,
    0.9569202566452796,
    0.9572170724253847,
    0.9586009992862241,
    0.9569777506236953,
    0.9563488016318205
  ],
  "val_gw_roc_auc": [
    0.9765693744147754,
    0.9773294695335669,
    0.9759911022744564,
    0.9848672349171335,
    0.9845770773414699,
    0.9855133215195452,
    0.9855774325553179,
    0.9849054469749245,
    0.9853156145680939,
    0.9849157220449765,
    0.9846899880832694,
    0.984981133405993,
    0.9847539790890196,
    0.9850236365370888,
    0.9850386502924043,
    0.9854103157552283,
    0.9847692729143878,
    0.9849074674803034,
    0.9847562621600728,
    0.984631115857854,
    0.984305799488097,
    0.9845378375266114,
    0.9840719484961176,
    0.9846953469236492,
    0.9849235014908104,
    0.9852065847970222,
    0.9853125187937632,
    0.9848213934510369,
    0.9844360945781563,
    0.9848424412156089
  ],
  "val_gw_ap": [
    0.9712827856716298,
    0.9722958737812679,
    0.9709841172830997,
    0.9810753063613862,
    0.9810008023983682,
    0.9819247303359238,
    0.9819299006560456,
    0.9813716560623675,
    0.9818745157673677,
    0.9814201970067266,
    0.9811297046075205,
    0.9814142229594431,
    0.9811365136891214,
    0.9813567529001518,
    0.981430414612546,
    0.9817836147206761,
    0.9810730617032976,
    0.9813338279627671,
    0.9811246885683287,
    0.9809264301722372,
    0.9805146754751602,
    0.9807027224123039,
    0.9802192335877937,
    0.9807600891354742,
    0.9811192688618692,
    0.9814700717807873,
    0.9815002784064962,
    0.9813402377766247,
    0.9810301838458164,
    0.9810715025767921
  ],
  "epoch_time_s": [
    464.3109173774719,
    443.8691759109497,
    454.3087522983551,
    655.3169894218445,
    650.7569649219513,
    650.9561247825623,
    650.1052515506744,
    650.3151249885559,
    650.6152906417847,
    650.0728151798248,
    649.924464225769,
    649.9006276130676,
    650.7925159931183,
    650.4730472564697,
    650.7256195545197,
    651.4651863574982,
    650.0372922420502,
    650.0593407154083,
    650.7545156478882,
    650.9168536663055,
    650.8229577541351,
    650.0077543258667,
    650.7059853076935,
    651.1502275466919,
    650.535591840744,
    650.3313174247742,
    650.580587387085,
    649.6787166595459,
    650.0968370437622,
    650.0001833438873
  ]
}