{
  "epoch": [
    0,
    1,
    2,
    3,
    4,
    5,
    6,
    7,
    8,
    9,
    10,
    11
  ],
  "train_loss": [
    0.13843937594323702,
    0.128926675240508,
    0.12659879620185766,
    0.1250934254377106,
    0.12387571351716196,
    0.12270156127818975,
    0.12115896891158444,
    0.11971625925014695,
    0.11791420814985852,
    0.11584792698590023,
    0.11356051751562758,
    0.11039731763069414
  ],
  "val_loss": [
    0.11221332538922628,
    0.11076806151072184,
    0.10765028864940007,
    0.10858310045003891,
    0.10800054064194362,
    0.10784720979134242,
    0.108532809929053,
    0.11288046691417694,
    0.11823215376536052,
    0.11998001619180043,
    0.11654021394252777,
    0.12946663773854575
  ],
  "val_acc3": [
    NaN,
    NaN,
    NaN,
    NaN,
    NaN,
    NaN,
    NaN,
    NaN,
    NaN,
    NaN,
    NaN,
    NaN
  ],
  "val_gw_acc_bin": [
    0.8253666666666667,
    0.8314333333333334,
    0.8363,
    0.7835666666666666,
    0.8273666666666667,
    0.8304,
    0.8335333333333333,
    0.791,
    0.804,
    0.7707333333333334,
    0.8223333333333334,
    0.7896666666666666
  ],
  "val_gw_precision": [
    0.8324944071588367,
    0.8587619877942458,
    0.8830620855937311,
    0.6508962426749397,
    0.7924459557930532,
    0.8185949876639398,
    0.8338897049005207,
    0.6689955539424735,
    0.7074720177473026,
    0.62553362867499,
    0.7863017061495029,
    0.675359284286666
  ],
  "val_gw_recall": [
    0.5956978489244622,
    0.591295647823912,
    0.5862931465732867,
    0.7556778389194597,
    0.6528264132066033,
    0.6307153576788395,
    0.6248124062031015,
    0.7376688344172087,
    0.7019509754877439,
    0.7769884942471236,
    0.6409204602301151,
    0.7099549774887444
  ],
  "val_gw_f1": [
    0.6944655041698257,
    0.7003614386443088,
    0.7047080752811016,
    0.6993842307514238,
    0.7158922595863734,
    0.7124773960216999,
    0.7143674216426447,
    0.701655881233346,
    0.704700683005223,
    0.6930834448906737,
    0.7062065924374379,
    0.6922251487659741
  ],
  "val_gw_roc_auc": [
    0.8772417525933673,
    0.8830672346920774,
    0.887309395762615,
    0.8895739421822882,
    0.8901427669595858,
    0.8902702463453671,
    0.8916376308624194,
    0.8891438721110119,
    0.8884774129129049,
    0.8884110588160863,
    0.886971121151678,
    0.882860648019586
  ],
  "val_gw_ap": [
    0.8292011383835061,
    0.8372904348814536,
    0.8422280068205467,
    0.845289310202997,
    0.8468220357767238,
    0.846587384587947,
    0.8478448632512675,
    0.8448976479259592,
    0.8438843671587395,
    0.8438388694995134,
    0.8419072152628966,
    0.8367809131504436
  ],
  "epoch_time_s": [
    1176.095406293869,
    1165.9940021038055,
    1163.857072353363,
    1159.052146434784,
    1164.689689397812,
    1157.571040391922,
    1182.7046113014221,
    1161.5904560089111,
    1166.8252515792847,
    1172.746916294098,
    1171.2864031791687,
    1169.8700580596924
  ]
}