{
  "epoch": [
    0,
    1,
    2,
    3,
    4,
    5,
    6,
    7,
    8,
    9,
    10,
    11,
    12,
    13,
    14,
    15,
    16,
    17,
    18,
    19
  ],
  "train_loss": [
    0.28919768707354865,
    0.2594896939277649,
    0.25334199317296346,
    0.24893441022237142,
    0.24520387485027315,
    0.2418256479461988,
    0.2385158695459366,
    0.2352486539443334,
    0.2310223278482755,
    0.2263156462907791,
    0.22080388349692026,
    0.21510462463498115,
    0.20822391619086267,
    0.2013360774934292,
    0.19250914001663527,
    0.18349986594120662,
    0.1737420526723067,
    0.16330054865082105,
    0.15233473425209523,
    0.14181922962268192
  ],
  "val_loss": [
    0.2666567369143168,
    0.2616372926394145,
    0.26225903690656027,
    0.2617873324155808,
    0.2563199617385864,
    0.2580978765964508,
    0.26703489055633545,
    0.2664634527842204,
    0.2667371067365011,
    0.2785619476477305,
    0.2893925239086151,
    0.2845122834523519,
    0.3304851092815399,
    0.32400834754308067,
    0.3354067343711853,
    0.41420442446072897,
    0.4346172288099925,
    0.4499418743133545,
    0.4444277047634125,
    0.4799411006609599
  ],
  "val_acc3": [
    0.7848,
    0.7864,
    0.7933333333333333,
    0.794,
    0.7988666666666666,
    0.7995333333333333,
    0.7997,
    0.8002333333333334,
    0.7960333333333334,
    0.7952,
    0.7931333333333334,
    0.7960666666666667,
    0.7873,
    0.7832333333333333,
    0.7857,
    0.7713666666666666,
    0.7702333333333333,
    0.7690666666666667,
    0.7673,
    0.7642333333333333
  ],
  "val_gw_acc_bin": [
    0.8162,
    0.8236,
    0.8132,
    0.8099333333333333,
    0.8213333333333334,
    0.8266666666666667,
    0.8226333333333333,
    0.8194666666666667,
    0.8148,
    0.8247,
    0.8172666666666667,
    0.821,
    0.8108,
    0.8029333333333334,
    0.8084,
    0.7857333333333333,
    0.7885333333333333,
    0.7890666666666667,
    0.7822666666666667,
    0.7804
  ],
  "val_gw_precision": [
    0.8537817779883152,
    0.9282462210890549,
    0.7805033857161109,
    0.7567890896040196,
    0.8180321119802387,
    0.8678839957035446,
    0.8235945721406812,
    0.8008936785385727,
    0.7752697507131341,
    0.8730308758664146,
    0.8048912309147412,
    0.8352907061041033,
    0.7763275751759438,
    0.737798485730926,
    0.7614825760374339,
    0.6746987951807228,
    0.6861045978183301,
    0.6898622760691726,
    0.6735839598997494,
    0.671361030077457
  ],
  "val_gw_recall": [
    0.5409704852426213,
    0.5099549774887444,
    0.6112056028014007,
    0.6329164582291146,
    0.5963981990995497,
    0.5658829414707354,
    0.5950975487743871,
    0.6097048524262131,
    0.6254127063531766,
    0.5544772386193096,
    0.5959979989994998,
    0.5763881940970486,
    0.6070035017508755,
    0.6337168584292147,
    0.6187093546773387,
    0.6891445722861431,
    0.673336668334167,
    0.6665332666333167,
    0.6722361180590295,
    0.6677338669334667
  ],
  "val_gw_f1": [
    0.6622978931896129,
    0.6582719876017048,
    0.685557176523398,
    0.6893320257164651,
    0.6898507117231801,
    0.685077519379845,
    0.6909449962246617,
    0.6923426493978642,
    0.6923247314209768,
    0.6782108548002203,
    0.6848700850770293,
    0.6820980345725788,
    0.6813026389668726,
    0.6818083961248654,
    0.682711415323471,
    0.6818451791724411,
    0.6796606746111895,
    0.6779971504172604,
    0.6729093640460692,
    0.6695425361155699
  ],
  "val_gw_roc_auc": [
    0.8706753176638307,
    0.8767529253254469,
    0.8804195024280448,
    0.8814084022766195,
    0.8840509182359236,
    0.8828967995619905,
    0.8840130012519382,
    0.8834944390465665,
    0.8829649466072701,
    0.8802559740255032,
    0.8793153362484791,
    0.8796684295659452,
    0.8765631578598598,
    0.8761569312524294,
    0.874215155565786,
    0.8752949506495312,
    0.873278458774501,
    0.8708168755710022,
    0.8700748099618416,
    0.868007422856642
  ],
  "val_gw_ap": [
    0.8155486314599047,
    0.8238849626368836,
    0.8290667742223223,
    0.8303083892452718,
    0.833798004170508,
    0.8331217466425277,
    0.8340589458308756,
    0.8332173590790284,
    0.8320301190065567,
    0.8290907919602939,
    0.8273805386567996,
    0.8282324758192046,
    0.8243219186005676,
    0.8242829245659046,
    0.8222462440497484,
    0.823100061724825,
    0.8208786455819378,
    0.8184592171840264,
    0.8174455082781162,
    0.814518267129344
  ],
  "epoch_time_s": [
    672.5365924835205,
    652.6212193965912,
    652.8344914913177,
    653.3502871990204,
    653.2915651798248,
    653.4168834686279,
    653.4162821769714,
    653.361510515213,
    653.0713160037994,
    652.4060306549072,
    652.8840157985687,
    652.881025314331,
    652.8151478767395,
    653.0411803722382,
    653.0096364021301,
    653.2989294528961,
    653.556081533432,
    653.2630379199982,
    653.3202171325684,
    653.013379573822
  ]
}