{
  "epoch": [
    0,
    1,
    2,
    3,
    4,
    5,
    6,
    7,
    8,
    9,
    10
  ],
  "train_loss": [
    0.13224698694321854,
    0.12113296092874988,
    0.11857755001527762,
    0.11679033174162663,
    0.1153082910122866,
    0.11375780300874017,
    0.11209397139350312,
    0.11017233261162505,
    0.10784659766120813,
    0.1050893683919223,
    0.10206742348508482
  ],
  "val_loss": [
    0.11250258675416311,
    0.10743958317438762,
    0.10841052507559458,
    0.10732947394450505,
    0.1069467027147611,
    0.1102295480966568,
    0.10768620861371359,
    0.11819919006824493,
    0.12107294488747915,
    0.11959945875008901,
    0.13228564620018005
  ],
  "val_acc3": [
    NaN,
    NaN,
    NaN,
    NaN,
    NaN,
    NaN,
    NaN,
    NaN,
    NaN,
    NaN,
    NaN
  ],
  "val_gw_acc_bin": [
    0.8143,
    0.8343,
    0.8344666666666667,
    0.8231,
    0.8286,
    0.7973666666666667,
    0.8329333333333333,
    0.8101666666666667,
    0.8151666666666667,
    0.8246,
    0.8151333333333334
  ],
  "val_gw_precision": [
    0.7795753286147624,
    0.920629604822505,
    0.9505464970435406,
    0.7862026862026862,
    0.8174800471019233,
    0.6864051789794364,
    0.8515591928883872,
    0.730390055722246,
    0.7548098946404032,
    0.8144014879766175,
    0.7670788810181294
  ],
  "val_gw_recall": [
    0.6171085542771386,
    0.5500750375187594,
    0.5307653826913457,
    0.6442221110555277,
    0.6251125562781391,
    0.7213606803401701,
    0.6038019009504753,
    0.6819409704852426,
    0.6594297148574287,
    0.6133066533266633,
    0.6392196098049024
  ],
  "val_gw_f1": [
    0.688892611827777,
    0.6886703826642451,
    0.6811761684643042,
    0.7081660709375858,
    0.7084703481120309,
    0.7034489487292064,
    0.7065917339889943,
    0.7053345061313189,
    0.7039034549046831,
    0.6996918160027393,
    0.6973368260205195
  ],
  "val_gw_roc_auc": [
    0.8749801669142494,
    0.8849838090752449,
    0.8846247267597809,
    0.8874189431631587,
    0.8882038869972353,
    0.888641786526855,
    0.8869493131969635,
    0.8864158497644223,
    0.8846938240427388,
    0.882094961502246,
    0.8809338935901341
  ],
  "val_gw_ap": [
    0.8260847230753894,
    0.8392638948140306,
    0.8387908106601726,
    0.8422098529686178,
    0.8433682259146195,
    0.8444161262973701,
    0.8418516042612023,
    0.8415808148621615,
    0.8391708417844783,
    0.8364367925781809,
    0.8348837553565945
  ],
  "epoch_time_s": [
    684.3485119342804,
    678.2727649211884,
    681.4425871372223,
    678.8262205123901,
    678.2088696956635,
    692.9560785293579,
    678.5277562141418,
    672.3132536411285,
    680.0336019992828,
    675.2243225574493,
    685.2002227306366
  ]
}